player,nationality,position,age,club,league,MP,starts,mins,minutes_90s,GA,GA90,shotsOT_a,saves,save_pct,W,D,L,CS,CS_pct,PKatt,PK_scored,PK_save,PK_missed,PK_pct
Wéverton,BRA,GK,35,Palmeiras,Brazilian League,35,35,"3,150",35.0,30,0.86,133,103,79.7,19,10,6,15,42.9,4,3,1,0,25.0
Marcelo Lomba,BRA,GK,36,Palmeiras,Brazilian League,3,3,270,3.0,3,1.0,16,13,87.5,1,0,2,1,33.3,1,1,0,0,0.0
Gabriel Chapecó,BRA,GK,22,Grêmio,Brazilian League,31,31,"2,790",31.0,51,1.65,159,109,70.4,14,5,12,5,16.1,4,4,0,0,0.0
Caíque,BRA,GK,25,Grêmio,Brazilian League,4,4,360,4.0,3,0.75,17,14,88.2,4,0,0,2,50.0,1,1,0,0,0.0
Adriel,BRA,GK,22,Grêmio,Brazilian League,2,2,180,2.0,1,0.5,8,7,87.5,2,0,0,1,50.0,0,0,0,0,0.0
Brenno,BRA,GK,23,Grêmio,Brazilian League,1,1,90,1.0,1,1.0,2,1,50.0,1,0,0,0,0.0,0,0,0,0,0.0
Everson,BRA,GK,32,Atlético Mineiro,Brazilian League,36,36,"3,240",36.0,31,0.86,132,102,78.0,17,9,10,14,38.9,2,2,0,0,0.0
Matheus Mendes,BRA,GK,23,Atlético Mineiro,Brazilian League,2,2,180,2.0,1,0.5,8,7,87.5,2,0,0,1,50.0,0,0,0,0,0.0
Matheus Cunha,BRA,GK,21,Flamengo,Brazilian League,19,18,"1,580",17.6,22,1.25,98,75,80.6,9,6,3,5,27.8,4,3,1,0,25.0
Agustín Rossi,ARG,GK,27,Flamengo,Brazilian League,15,15,"1,350",15.0,12,0.8,54,42,81.5,8,3,4,8,53.3,2,2,0,0,0.0
Santos,BRA,GK,32,Flamengo,Brazilian League,6,5,490,5.4,8,1.47,24,16,70.8,2,0,3,2,40.0,1,1,0,0,0.0
Lucas Perri,BRA,GK,25,Botafogo (RJ),Brazilian League,38,38,"3,375",37.5,36,0.96,166,131,78.3,18,10,10,15,39.5,1,0,0,1,0.0
Gatito Fernández,PAR,GK,34,Botafogo (RJ),Brazilian League,1,0,45,0.5,1,2.0,4,3,75.0,0,0,0,0,0.0,0,0,0,0,0.0
Cleiton Schwengber,BRA,GK,25,Red Bull Bragantino,Brazilian League,33,33,"2,970",33.0,27,0.82,116,89,81.9,15,9,9,16,48.5,7,6,1,0,14.3
Lucão,BRA,GK,21,Red Bull Bragantino,Brazilian League,5,5,450,5.0,8,1.6,14,6,50.0,2,2,1,1,20.0,1,1,0,0,0.0
Fábio,BRA,GK,42,Fluminense,Brazilian League,35,35,"3,150",35.0,41,1.17,145,105,75.2,16,7,12,12,34.3,6,5,0,1,0.0
Pedro Rangel,BRA,GK,22,Fluminense,Brazilian League,2,2,180,2.0,5,2.5,10,5,50.0,0,1,1,0,0.0,0,0,0,0,0.0
Vitor Eudes,BRA,GK,24,Fluminense,Brazilian League,1,1,90,1.0,1,1.0,5,4,80.0,0,0,1,0,0.0,0,0,0,0,0.0
Bento,BRA,GK,23,Ath Paranaense,Brazilian League,33,33,"2,970",33.0,37,1.12,140,101,76.4,12,11,10,9,27.3,6,4,2,0,33.3
Leonardo Linck,BRA,GK,21,Ath Paranaense,Brazilian League,5,5,450,5.0,6,1.2,30,23,80.0,2,3,0,1,20.0,1,0,1,0,100.0
Sergio Rochet,URU,GK,29,Internacional,Brazilian League,19,19,"1,710",19.0,25,1.32,82,58,75.6,8,5,6,5,26.3,5,5,0,0,0.0
Keiller,BRA,GK,26,Internacional,Brazilian League,10,10,900,10.0,15,1.5,43,27,67.4,2,2,6,1,10.0,2,1,1,0,50.0
John,BRA,GK,26,Internacional,Brazilian League,9,9,810,9.0,5,0.56,39,34,87.2,5,3,1,5,55.6,0,0,0,0,0.0
João Ricardo Riedi,BRA,GK,34,Fortaleza,Brazilian League,32,32,"2,868",31.9,39,1.22,131,92,72.5,13,5,14,8,25.0,6,3,2,1,40.0
Fernando Miguel,BRA,GK,37,Fortaleza,Brazilian League,6,5,462,5.1,5,0.97,28,23,82.1,2,3,0,1,20.0,1,0,0,1,0.0
Maurício Kozlinski,BRA,GK,31,Fortaleza,Brazilian League,1,1,90,1.0,0,0.0,1,1,100.0,0,1,0,1,100.0,0,0,0,0,0.0
Rafael Pires,BRA,GK,33,São Paulo,Brazilian League,33,33,"2,970",33.0,34,1.03,117,84,76.1,13,8,12,13,39.4,7,6,0,1,0.0
Jandrei,BRA,GK,29,São Paulo,Brazilian League,5,5,450,5.0,4,0.8,17,13,88.2,1,3,1,2,40.0,2,2,0,0,0.0
Walter,BRA,GK,35,Cuiabá,Brazilian League,35,35,"3,150",35.0,35,1.0,139,106,77.7,13,9,13,12,34.3,4,4,0,0,0.0
João Carlos,BRA,GK,34,Cuiabá,Brazilian League,3,3,270,3.0,4,1.33,12,8,66.7,1,0,2,1,33.3,0,0,0,0,0.0
Cássio,BRA,GK,35,Corinthians,Brazilian League,37,37,"3,310",36.8,48,1.31,181,134,76.8,11,14,12,8,21.6,7,6,0,1,0.0
Carlos Miguel,BRA,GK,24,Corinthians,Brazilian League,2,1,110,1.2,0,0.0,6,6,100.0,1,0,0,2,200.0,0,0,0,0,0.0
Rafael Cabral,BRA,GK,32,Cruzeiro,Brazilian League,37,37,"3,330",37.0,32,0.86,139,107,78.4,11,13,13,15,40.5,3,2,0,1,0.0
Anderson,BRA,GK,24,Cruzeiro,Brazilian League,1,1,90,1.0,0,0.0,1,1,100.0,0,1,0,1,100.0,0,0,0,0,0.0
Léo Jardim,BRA,GK,27,Vasco da Gama,Brazilian League,38,38,"3,420",38.0,51,1.34,182,130,74.2,12,9,17,9,23.7,5,4,1,0,20.0
Marcos Felipe,BRA,GK,26,Bahia,Brazilian League,37,37,"3,330",37.0,51,1.38,183,132,75.4,12,8,17,9,24.3,6,6,0,0,0.0
Mateus Claus,BRA,GK,28,Bahia,Brazilian League,1,0,53,0.6,2,3.4,3,1,33.3,0,0,0,0,0.0,0,0,0,0,0.0
João Paulo,BRA,GK,27,Santos,Brazilian League,36,36,"3,211",35.7,51,1.43,181,130,74.0,11,10,15,8,22.2,6,4,1,1,20.0
Vladimir,BRA,GK,33,Santos,Brazilian League,3,2,209,2.3,13,5.6,21,10,38.1,0,0,2,0,0.0,0,0,0,0,0.0
Tadeu,BRA,GK,30,Goiás,Brazilian League,35,35,"3,150",35.0,45,1.29,162,117,74.1,8,11,16,10,28.6,3,3,0,0,0.0
Marcelo Rangel,BRA,GK,34,Goiás,Brazilian League,3,3,270,3.0,8,2.67,14,7,57.1,1,0,2,0,0.0,2,2,0,0,0.0
Gabriel,BRA,GK,30,Coritiba,Brazilian League,31,31,"2,765",30.7,60,1.95,169,110,68.6,7,5,19,6,19.4,8,7,1,0,12.5
Luan Polli,BRA,GK,29,Coritiba,Brazilian League,5,4,385,4.3,9,2.1,30,21,73.3,1,0,3,0,0.0,1,1,0,0,0.0
Pedro Luccas,BRA,GK,19,Coritiba,Brazilian League,3,3,270,3.0,4,1.33,21,17,85.7,0,1,2,0,0.0,1,1,0,0,0.0
Matheus Cavichioli,BRA,GK,36,América (MG),Brazilian League,15,15,"1,348",15.0,31,2.07,76,45,61.8,2,1,12,1,6.7,4,2,2,0,50.0
Jori,BRA,GK,26,América (MG),Brazilian League,11,11,990,11.0,25,2.27,72,48,68.1,1,3,7,0,0.0,2,2,0,0,0.0
Mateus Pasinato,BRA,GK,30,América (MG),Brazilian League,10,10,900,10.0,20,2.0,59,39,67.8,2,4,4,1,10.0,2,1,0,1,0.0
Washington Aguerre,URU,GK,29,América (MG),Brazilian League,2,2,180,2.0,4,2.0,7,3,42.9,0,1,1,0,0.0,0,0,0,0,0.0
Yann Sommer,SUI,GK,34,Inter,Serie A,34,34,"3,060",34.0,19,0.56,98,78,82.7,27,6,1,19,55.9,4,2,1,1,33.3
Emil Audero,ITA,GK,26,Inter,Serie A,4,4,337,3.7,3,0.8,11,8,72.7,2,1,1,2,50.0,0,0,0,0,0.0
Raffaele Di Gennaro,ITA,GK,29,Inter,Serie A,1,0,23,0.3,0,0.0,4,4,100.0,0,0,0,0,0.0,0,0,0,0,0.0
Mike Maignan,FRA,GK,28,Milan,Serie A,29,29,"2,609",29.0,34,1.17,120,86,77.5,19,5,5,10,34.5,7,7,0,0,0.0
Marco Sportiello,ITA,GK,31,Milan,Serie A,7,7,630,7.0,11,1.57,33,23,69.7,3,3,1,2,28.6,1,1,0,0,0.0
Antonio Mirante,ITA,GK,40,Milan,Serie A,2,2,177,2.0,3,1.53,8,5,62.5,0,1,1,0,0.0,0,0,0,0,0.0
Lapo Nava,ITA,GK,19,Milan,Serie A,1,0,3,0.0,1,30.0,2,1,50.0,0,0,0,0,0.0,0,0,0,0,0.0
Wojciech Szczęsny,POL,GK,33,Juventus,Serie A,35,35,"3,150",35.0,30,0.86,108,79,74.1,17,13,5,15,42.9,3,2,1,0,33.3
Mattia Perin,ITA,GK,30,Juventus,Serie A,3,3,225,2.5,1,0.4,5,4,80.0,2,1,0,1,33.3,0,0,0,0,0.0
Carlo Pinsoglio,ITA,GK,33,Juventus,Serie A,1,0,45,0.5,0,0.0,3,3,100.0,0,0,0,1,0.0,0,0,0,0,0.0
Marco Carnesecchi,ITA,GK,23,Atalanta,Serie A,27,27,"2,425",26.9,30,1.11,107,75,75.7,15,5,7,8,29.6,7,4,2,1,33.3
Juan Musso,ARG,GK,29,Atalanta,Serie A,11,11,990,11.0,12,1.09,34,23,70.6,6,1,4,6,54.5,2,2,0,0,0.0
Francesco Rossi,ITA,GK,32,Atalanta,Serie A,1,0,5,0.1,0,0.0,1,1,100.0,0,0,0,1,0.0,0,0,0,0,0.0
Lukasz Skorupski,POL,GK,32,Bologna,Serie A,32,32,"2,880",32.0,29,0.91,106,77,75.5,14,13,5,13,40.6,6,3,1,2,25.0
Federico Ravaglia,ITA,GK,23,Bologna,Serie A,6,6,535,5.9,3,0.5,18,13,83.3,4,1,1,4,66.7,1,0,1,0,100.0
Nicola Bagnolini,ITA,GK,19,Bologna,Serie A,1,0,5,0.1,0,0.0,1,1,100.0,0,0,0,0,0.0,0,0,0,0,0.0
Rui Patrício,POR,GK,35,Roma,Serie A,23,23,"2,070",23.0,27,1.17,74,49,66.2,11,5,7,6,26.1,3,2,0,1,0.0
Mile Svilar,SRB,GK,23,Roma,Serie A,15,15,"1,350",15.0,19,1.27,77,58,76.6,7,4,4,5,33.3,2,1,1,0,50.0
Ivan Provedel,ITA,GK,29,Lazio,Serie A,30,30,"2,699",30.0,33,1.1,119,86,73.9,12,6,12,9,30.0,3,2,0,1,0.0
Christos Mandas,GRE,GK,21,Lazio,Serie A,9,8,721,8.0,6,0.75,29,23,79.3,6,1,1,4,50.0,0,0,0,0,0.0
Pietro Terracciano,ITA,GK,34,Fiorentina,Serie A,33,33,"2,970",33.0,35,1.06,126,90,77.0,15,8,10,8,24.2,7,6,1,0,14.3
Oliver Christensen,DEN,GK,25,Fiorentina,Serie A,4,4,360,4.0,9,2.25,19,10,63.2,1,1,2,0,0.0,2,2,0,0,0.0
Vanja Milinković-Savić,SRB,GK,26,Torino,Serie A,36,36,"3,240",36.0,31,0.86,134,103,81.3,13,14,9,18,50.0,6,6,0,0,0.0
Luca Gemello,ITA,GK,23,Torino,Serie A,2,2,180,2.0,5,2.5,9,4,55.6,0,0,2,0,0.0,1,1,0,0,0.0
Alex Meret,ITA,GK,26,Napoli,Serie A,31,31,"2,773",30.8,40,1.3,104,62,63.5,10,13,8,5,16.1,4,2,2,0,50.0
Pierluigi Gollini,ITA,GK,28,Napoli,Serie A,7,7,630,7.0,8,1.14,24,16,66.7,3,1,3,1,14.3,0,0,0,0,0.0
Nikita Contini Baranovsky,ITA,GK,27,Napoli,Serie A,1,0,17,0.2,0,0.0,0,0,0.0,0,0,0,1,0.0,0,0,0,0,0.0
Josep Martinez,ESP,GK,25,Genoa,Serie A,36,36,"3,239",36.0,43,1.19,130,87,69.2,11,13,12,8,22.2,4,3,1,0,25.0
Nicola Leali,ITA,GK,30,Genoa,Serie A,3,2,176,2.0,2,1.02,9,7,77.8,1,0,1,0,0.0,0,0,0,0,0.0
Daniele Sommariva,ITA,GK,26,Genoa,Serie A,1,0,5,0.1,0,0.0,0,0,0.0,0,0,0,1,0.0,0,0,0,0,0.0
Michele Di Gregorio,ITA,GK,26,Monza,Serie A,33,33,"2,872",31.9,35,1.1,159,122,79.9,11,11,11,12,36.4,5,3,2,0,40.0
Alessandro Sorrentino,ITA,GK,21,Monza,Serie A,7,5,548,6.1,16,2.63,32,16,62.5,0,1,4,0,0.0,4,4,0,0,0.0
Lorenzo Montipò,ITA,GK,27,Hellas Verona,Serie A,37,37,"3,330",37.0,49,1.32,153,105,69.3,9,10,18,8,21.6,2,2,0,0,0.0
Simone Perilli,ITA,GK,28,Hellas Verona,Serie A,1,1,90,1.0,2,2.0,10,8,80.0,0,1,0,0,0.0,0,0,0,0,0.0
Wladimiro Falcone,ITA,GK,28,Lecce,Serie A,38,38,"3,420",38.0,54,1.42,173,119,71.7,8,14,16,7,18.4,6,5,1,0,16.7
Maduka Okoye,NGA,GK,23,Udinese,Serie A,21,21,"1,890",21.0,25,1.19,89,65,75.3,5,8,8,5,23.8,3,3,0,0,0.0
Marco Silvestri,ITA,GK,32,Udinese,Serie A,17,17,"1,530",17.0,28,1.65,68,40,67.6,1,11,5,4,23.5,6,6,0,0,0.0
Simone Scuffet,ITA,GK,27,Cagliari,Serie A,31,31,"2,789",31.0,55,1.77,129,76,59.7,8,10,13,3,9.7,3,3,0,0,0.0
Boris Radunović,SRB,GK,27,Cagliari,Serie A,7,7,630,7.0,12,1.71,27,16,55.6,0,2,5,2,28.6,1,0,0,1,0.0
Simone Aresti,ITA,GK,37,Cagliari,Serie A,1,0,1,0.0,1,90.0,1,0,100.0,0,0,0,0,0.0,1,1,0,0,0.0
Elia Caprile,ITA,GK,21,Empoli,Serie A,23,23,"2,070",23.0,27,1.17,106,78,78.3,6,6,11,5,21.7,5,4,1,0,20.0
Etrit Berisha,ALB,GK,34,Empoli,Serie A,14,14,"1,260",14.0,25,1.79,74,49,68.9,3,3,8,4,28.6,3,2,1,0,33.3
Samuele Perisan,ITA,GK,25,Empoli,Serie A,1,1,90,1.0,2,2.0,5,3,60.0,0,0,1,0,0.0,0,0,0,0,0.0
Stefano Turati,ITA,GK,21,Frosinone,Serie A,31,31,"2,745",30.5,58,1.9,152,94,65.1,6,9,16,4,12.9,7,5,1,1,16.7
Michele Cerofolini,ITA,GK,24,Frosinone,Serie A,8,7,675,7.5,11,1.47,28,18,60.7,2,2,3,3,42.9,1,0,0,1,0.0
Andrea Consigli,ITA,GK,36,Sassuolo,Serie A,35,35,"3,150",35.0,68,1.94,159,93,61.6,6,8,21,3,8.6,10,7,1,2,12.5
Alessio Cragno,ITA,GK,29,Sassuolo,Serie A,3,3,270,3.0,7,2.33,14,8,57.1,1,1,1,0,0.0,1,1,0,0,0.0
Guillermo Ochoa,MEX,GK,38,Salernitana,Serie A,21,21,"1,890",21.0,44,2.1,115,72,67.8,0,6,15,1,4.8,7,7,0,0,0.0
Benoît Costil,FRA,GK,36,Salernitana,Serie A,13,13,"1,170",13.0,29,2.23,66,38,60.6,2,3,8,1,7.7,3,3,0,0,0.0
Vincenzo Fiorillo,ITA,GK,33,Salernitana,Serie A,4,4,360,4.0,8,2.0,26,18,69.2,0,2,2,0,0.0,0,0,0,0,0.0
Lukáš Hrádecký,FIN,GK,33,Leverkusen,Bundesliga,33,33,"2,970",33.0,24,0.73,102,78,76.5,28,5,0,15,45.5,0,0,0,0,0.0
Matej Kovar,CZE,GK,23,Leverkusen,Bundesliga,1,1,90,1.0,0,0.0,3,3,100.0,0,1,0,1,100.0,0,0,0,0,0.0
Alexander Nübel,GER,GK,26,Stuttgart,Bundesliga,30,30,"2,700",30.0,36,1.2,107,74,69.2,20,3,7,11,36.7,3,3,0,0,0.0
Fabian Bredlow,GER,GK,28,Stuttgart,Bundesliga,4,4,360,4.0,3,0.75,22,19,86.4,3,1,0,1,25.0,0,0,0,0,0.0
Manuel Neuer,GER,GK,37,Bayern Munich,Bundesliga,23,23,"2,053",22.8,33,1.45,93,59,66.7,16,1,6,6,26.1,3,2,1,0,33.3
Sven Ulreich,GER,GK,34,Bayern Munich,Bundesliga,11,11,990,11.0,12,1.09,31,19,64.5,7,2,2,4,36.4,1,1,0,0,0.0
Janis Blaswich,GER,GK,32,RB Leipzig,Bundesliga,21,21,"1,890",21.0,30,1.43,76,46,65.8,10,4,7,5,23.8,4,4,0,0,0.0
Péter Gulácsi,HUN,GK,33,RB Leipzig,Bundesliga,13,13,"1,170",13.0,9,0.69,41,33,78.0,9,4,0,5,38.5,1,0,0,1,0.0
Gregor Kobel,SUI,GK,25,Dortmund,Bundesliga,27,27,"2,365",26.3,34,1.29,118,84,75.4,14,8,5,7,25.9,6,5,1,0,16.7
Alexander Meyer,GER,GK,32,Dortmund,Bundesliga,8,7,695,7.7,9,1.17,27,19,66.7,4,1,2,3,42.9,0,0,0,0,0.0
Kevin Trapp,GER,GK,33,Eint Frankfurt,Bundesliga,32,32,"2,880",32.0,48,1.5,137,87,71.5,10,13,9,7,21.9,11,9,2,0,18.2
Jens Grahl,GER,GK,34,Eint Frankfurt,Bundesliga,2,2,180,2.0,2,1.0,9,7,77.8,1,1,0,0,0.0,0,0,0,0,0.0
Oliver Baumann,GER,GK,33,Hoffenheim,Bundesliga,34,34,"3,060",34.0,66,1.94,211,143,69.7,13,7,14,2,5.9,5,2,3,0,60.0
Kevin Müller,GER,GK,32,Heidenheim,Bundesliga,34,34,"3,060",34.0,55,1.62,174,121,72.4,10,12,12,6,17.6,10,7,1,2,12.5
Michael Zetterer,GER,GK,28,Werder Bremen,Bundesliga,27,27,"2,430",27.0,37,1.37,128,92,74.2,9,9,9,6,22.2,4,4,0,0,0.0
Jiří Pavlenka,CZE,GK,31,Werder Bremen,Bundesliga,7,7,630,7.0,17,2.43,38,21,60.5,2,0,5,1,14.3,2,2,0,0,0.0
Noah Atubolu,GER,GK,21,Freiburg,Bundesliga,34,34,"3,060",34.0,58,1.71,158,99,65.2,11,9,14,10,29.4,5,3,2,0,40.0
Finn Dahmen,GER,GK,25,Augsburg,Bundesliga,31,31,"2,790",31.0,52,1.68,158,106,71.5,10,9,12,3,9.7,10,7,2,1,22.2
Tomáš Koubek,CZE,GK,30,Augsburg,Bundesliga,3,3,270,3.0,8,2.67,25,17,68.0,0,0,3,0,0.0,0,0,0,0,0.0
Koen Casteels,BEL,GK,31,Wolfsburg,Bundesliga,25,25,"2,250",25.0,39,1.56,115,78,67.8,8,6,11,4,16.0,3,2,0,1,0.0
Pavao Pervan,AUT,GK,35,Wolfsburg,Bundesliga,9,9,810,9.0,17,1.89,36,20,52.8,2,1,6,2,22.2,0,0,0,0,0.0
Robin Zentner,GER,GK,28,Mainz 05,Bundesliga,30,30,"2,700",30.0,48,1.6,128,81,64.8,7,12,11,7,23.3,4,3,0,1,0.0
Daniel Batz,GER,GK,32,Mainz 05,Bundesliga,4,4,360,4.0,3,0.75,17,14,82.4,0,2,2,1,25.0,0,0,0,0,0.0
Moritz Nicolas,GER,GK,25,Gladbach,Bundesliga,27,27,"2,430",27.0,49,1.81,160,111,71.9,6,11,10,4,14.8,4,4,0,0,0.0
Jonas Omlin,SUI,GK,29,Gladbach,Bundesliga,7,7,630,7.0,18,2.57,47,29,66.0,1,2,4,0,0.0,2,2,0,0,0.0
Frederik Rønnow,DEN,GK,30,Union Berlin,Bundesliga,33,33,"2,970",33.0,56,1.7,162,105,68.5,9,6,18,7,21.2,7,5,2,0,28.6
Alexander Schwolow,GER,GK,31,Union Berlin,Bundesliga,1,1,90,1.0,2,2.0,6,4,66.7,0,0,1,0,0.0,0,0,0,0,0.0
Manuel Riemann,GER,GK,34,Bochum,Bundesliga,33,33,"2,970",33.0,70,2.12,185,116,67.0,7,12,14,4,12.1,11,9,2,0,18.2
Andreas Luthe,GER,GK,36,Bochum,Bundesliga,1,1,90,1.0,4,4.0,4,1,0.0,0,0,1,0,0.0,0,0,0,0,0.0
Marvin Schwäbe,GER,GK,28,Köln,Bundesliga,34,34,"3,060",34.0,60,1.76,168,108,66.1,5,12,17,4,11.8,3,3,0,0,0.0
Marcel Schuhen,GER,GK,30,Darmstadt 98,Bundesliga,31,31,"2,790",31.0,76,2.45,198,123,62.1,3,7,21,3,9.7,2,1,1,0,50.0
Alexander Brunst,GER,GK,28,Darmstadt 98,Bundesliga,3,3,270,3.0,10,3.33,17,7,41.2,0,1,2,0,0.0,0,0,0,0,0.0
Walter Benítez,ARG,GK,30,PSV Eindhoven,Eredivisie,33,33,"2,964",32.9,20,0.61,72,54,76.4,29,3,1,18,54.5,3,3,0,0,0.0
Joel Drommel,NED,GK,26,PSV Eindhoven,Eredivisie,1,1,90,1.0,1,1.0,5,4,80.0,0,1,0,0,0.0,0,0,0,0,0.0
Boy Waterman,NED,GK,39,PSV Eindhoven,Eredivisie,1,0,6,0.1,0,0.0,1,1,100.0,0,0,0,0,0.0,0,0,0,0,0.0
Timon Wellenreuther,GER,GK,27,Feyenoord,Eredivisie,19,17,"1,598",17.8,12,0.68,44,32,75.0,14,3,0,11,64.7,1,1,0,0,0.0
Justin Bijlow,NED,GK,25,Feyenoord,Eredivisie,17,17,"1,462",16.2,14,0.86,41,27,65.9,12,3,2,6,35.3,0,0,0,0,0.0
Lars Unnerstall,GER,GK,33,Twente,Eredivisie,32,32,"2,880",32.0,34,1.06,123,89,76.4,19,6,7,10,31.3,6,5,1,0,16.7
Przemysław Tytoń,POL,GK,36,Twente,Eredivisie,2,2,180,2.0,2,1.0,6,5,66.7,2,0,0,0,0.0,0,0,0,0,0.0
Mathew Ryan,AUS,GK,31,AZ Alkmaar,Eredivisie,29,29,"2,610",29.0,28,0.97,109,81,77.1,19,6,4,13,44.8,3,3,0,0,0.0
Rome-Jayden Owusu-Oduro,NED,GK,19,AZ Alkmaar,Eredivisie,4,4,360,4.0,7,1.75,17,11,58.8,0,2,2,0,0.0,0,0,0,0,0.0
Hobie Verhulst,NED,GK,30,AZ Alkmaar,Eredivisie,1,1,90,1.0,4,4.0,8,4,62.5,0,0,1,0,0.0,1,1,0,0,0.0
Diant Ramaj,GER,GK,21,Ajax,Eredivisie,22,20,"1,824",20.3,32,1.58,99,68,68.7,10,7,3,3,15.0,1,1,0,0,0.0
Jay Gorter,NED,GK,23,Ajax,Eredivisie,8,7,665,7.4,17,2.3,35,18,51.4,1,2,4,1,14.3,1,0,0,1,0.0
Gerónimo Rulli,ARG,GK,31,Ajax,Eredivisie,7,7,571,6.3,12,1.89,30,18,63.3,4,2,1,1,14.3,1,1,0,0,0.0
Jasper Cillessen,NED,GK,34,NEC Nijmegen,Eredivisie,30,30,"2,640",29.3,46,1.57,145,98,71.7,13,9,8,5,16.7,6,5,1,0,16.7
Robin Roefs,NED,GK,20,NEC Nijmegen,Eredivisie,5,4,420,4.7,5,1.07,18,13,72.2,1,2,1,2,50.0,0,0,0,0,0.0
Vasilios Barkas,GRE,GK,29,Utrecht,Eredivisie,29,29,"2,610",29.0,42,1.45,146,104,74.0,10,11,8,5,17.2,5,4,1,0,20.0
Mattijs Branderhorst,NED,GK,29,Utrecht,Eredivisie,5,5,450,5.0,5,1.0,16,11,75.0,3,0,2,3,60.0,1,1,0,0,0.0
Nick Olij,NED,GK,27,Sparta R'dam,Eredivisie,34,34,"3,060",34.0,48,1.41,161,113,72.0,14,7,13,8,23.5,5,3,1,1,25.0
Jeffrey De Lange,NED,GK,25,Go Ahead Eag,Eredivisie,34,34,"3,060",34.0,46,1.35,180,135,75.6,12,10,12,11,32.4,2,2,0,0,0.0
Ivor Pandur,CRO,GK,23,Fortuna Sittard,Eredivisie,16,16,"1,440",16.0,28,1.75,78,51,66.7,5,4,7,4,25.0,2,2,0,0,0.0
Michael Verrips,NED,GK,26,Fortuna Sittard,Eredivisie,12,12,"1,080",12.0,22,1.83,51,30,56.9,4,3,5,2,16.7,0,0,0,0,0.0
Luuk Koopmans,NED,GK,29,Fortuna Sittard,Eredivisie,5,5,450,5.0,6,1.2,19,13,68.4,0,3,2,2,40.0,0,0,0,0,0.0
Tom Hendriks,NED,GK,21,Fortuna Sittard,Eredivisie,1,1,90,1.0,0,0.0,3,3,100.0,0,1,0,1,100.0,0,0,0,0,0.0
Andries Noppert,NED,GK,29,Heerenveen,Eredivisie,22,22,"1,980",22.0,43,1.95,104,62,61.5,6,4,12,4,18.2,3,3,0,0,0.0
Mickey van der Hart,NED,GK,29,Heerenveen,Eredivisie,12,12,"1,080",12.0,27,2.25,60,34,56.7,4,3,5,3,25.0,1,1,0,0,0.0
Jasper Schendelaar,NED,GK,22,Zwolle,Eredivisie,32,32,"2,880",32.0,64,2.0,185,123,69.2,9,8,15,5,15.6,9,7,2,0,22.2
Mike Hauptmeijer,NED,GK,26,Zwolle,Eredivisie,2,2,180,2.0,3,1.5,11,8,81.8,0,1,1,0,0.0,1,1,0,0,0.0
Nordin Bakker,NED,GK,25,Almere City,Eredivisie,29,29,"2,596",28.8,53,1.84,163,110,69.3,7,9,13,9,31.0,4,3,1,0,25.0
Samuel Şahin-Radlinger,AUT,GK,30,Almere City,Eredivisie,6,5,464,5.2,6,1.16,25,19,76.0,0,4,1,1,20.0,0,0,0,0,0.0
Michael Brouwer,NED,GK,30,Heracles Almelo,Eredivisie,34,34,"3,060",34.0,74,2.18,226,153,69.5,9,6,19,4,11.8,5,5,0,0,0.0
Etienne Vaessen,SUR,GK,28,RKC Waalwijk,Eredivisie,30,30,"2,644",29.4,49,1.67,173,125,74.0,6,8,16,5,16.7,5,4,1,0,20.0
Jeroen Houwen,NED,GK,27,RKC Waalwijk,Eredivisie,4,3,322,3.6,5,1.4,19,14,78.9,1,0,2,0,0.0,1,1,0,0,0.0
Mark Spenkelink,NED,GK,26,RKC Waalwijk,Eredivisie,1,1,90,1.0,2,2.0,12,10,83.3,0,0,1,0,0.0,1,0,0,1,0.0
Stijn van Gassel,NED,GK,26,Excelsior,Eredivisie,34,34,"3,060",34.0,73,2.15,204,132,65.2,6,11,17,6,17.6,2,2,0,0,0.0
Mio Backhaus,GER,GK,19,Volendam,Eredivisie,33,32,"2,881",32.0,79,2.47,253,174,69.2,4,7,21,2,6.3,1,1,0,0,0.0
Barry Lauwers,NED,GK,23,Volendam,Eredivisie,1,1,90,1.0,7,7.0,10,3,30.0,0,0,1,0,0.0,0,0,0,0,0.0
Kayne van Oevelen,NED,GK,19,Volendam,Eredivisie,1,1,89,1.0,2,2.02,10,8,80.0,0,0,1,0,0.0,0,0,0,0,0.0
Eloy Room,CUW,GK,34,Vitesse,Eredivisie,34,34,"3,060",34.0,74,2.18,225,150,69.3,6,6,22,3,8.8,7,5,2,0,28.6
Andriy Lunin,UKR,GK,24,Real Madrid,La Liga,21,21,"1,890",21.0,17,0.81,65,48,75.4,16,5,0,10,47.6,1,1,0,0,0.0
Kepa Arrizabalaga,ESP,GK,28,Real Madrid,La Liga,14,13,"1,198",13.3,9,0.68,38,30,76.3,10,2,1,8,61.5,0,0,0,0,0.0
Thibaut Courtois,BEL,GK,31,Real Madrid,La Liga,4,4,332,3.7,0,0.0,15,15,100.0,3,1,0,3,75.0,0,0,0,0,0.0
Marc-André ter Stegen,GER,GK,31,Barcelona,La Liga,28,28,"2,520",28.0,27,0.96,102,75,75.5,20,5,3,15,53.6,2,2,0,0,0.0
Iñaki Peña,ESP,GK,24,Barcelona,La Liga,10,10,900,10.0,17,1.7,39,22,56.4,6,2,2,2,20.0,0,0,0,0,0.0
Paulo Gazzaniga,ARG,GK,31,Girona,La Liga,38,38,"3,420",38.0,46,1.21,168,121,75.6,25,6,7,12,31.6,7,5,1,1,16.7
Jan Oblak,SVN,GK,30,Atlético Madrid,La Liga,38,38,"3,420",38.0,43,1.13,144,101,70.8,24,4,10,13,34.2,2,1,0,1,0.0
Unai Simón,ESP,GK,26,Athletic Club,La Liga,36,36,"3,182",35.4,33,0.93,122,90,73.8,18,11,7,16,44.4,5,1,3,1,75.0
Julen Agirrezabala,ESP,GK,22,Athletic Club,La Liga,4,2,238,2.6,4,1.51,12,8,66.7,1,0,1,2,100.0,0,0,0,0,0.0
Alex Remiro,ESP,GK,28,Real Sociedad,La Liga,37,37,"3,275",36.4,36,0.99,130,94,76.2,16,12,9,15,40.5,6,5,1,0,16.7
Unai Marrero,ESP,GK,21,Real Sociedad,La Liga,2,1,142,1.6,3,1.9,5,2,60.0,0,0,1,0,0.0,1,1,0,0,0.0
Rui Silva,POR,GK,29,Betis,La Liga,28,28,"2,475",27.5,36,1.31,120,85,75.8,10,9,9,9,32.1,8,7,1,0,12.5
Claudio Bravo,CHI,GK,40,Betis,La Liga,7,7,630,7.0,5,0.71,20,16,75.0,3,4,0,2,28.6,0,0,0,0,0.0
Fran Vieites,ESP,GK,24,Betis,La Liga,4,3,315,3.5,4,1.14,18,14,77.8,1,2,0,2,66.7,0,0,0,0,0.0
Filip Jørgensen,DEN,GK,21,Villarreal,La Liga,36,36,"3,240",36.0,63,1.75,205,143,72.2,13,10,13,6,16.7,6,6,0,0,0.0
Pepe Reina,ESP,GK,40,Villarreal,La Liga,2,2,180,2.0,2,1.0,9,7,77.8,1,1,0,0,0.0,0,0,0,0,0.0
Giorgi Mamardashvili,GEO,GK,22,Valencia,La Liga,37,37,"3,284",36.5,41,1.12,145,103,73.8,13,10,14,13,35.1,6,3,3,0,50.0
Jaume Doménech,ESP,GK,32,Valencia,La Liga,2,1,79,0.9,3,3.42,12,9,75.0,0,0,1,0,0.0,0,0,0,0,0.0
Cristian,ESP,GK,25,Valencia,La Liga,1,0,57,0.6,1,1.58,3,2,66.7,0,0,0,0,0.0,0,0,0,0,0.0
Antonio Sivera,ESP,GK,26,Alavés,La Liga,34,34,"3,060",34.0,38,1.12,123,87,75.6,11,8,15,10,29.4,8,8,0,0,0.0
Jesús Owono,EQG,GK,22,Alavés,La Liga,4,4,360,4.0,8,2.0,24,16,66.7,1,2,1,1,25.0,0,0,0,0,0.0
Sergio Herrera,ESP,GK,30,Osasuna,La Liga,32,32,"2,869",31.9,47,1.47,132,84,64.4,12,7,13,9,28.1,1,0,1,0,100.0
Aitor Fernández,ESP,GK,32,Osasuna,La Liga,7,6,551,6.1,9,1.47,20,11,60.0,0,2,4,1,16.7,1,1,0,0,0.0
David Soria,ESP,GK,30,Getafe,La Liga,38,38,"3,413",37.9,52,1.37,171,118,72.5,10,13,15,10,26.3,7,5,1,1,16.7
Daniel Fuzato,BRA,GK,26,Getafe,La Liga,1,0,7,0.1,2,25.71,2,0,0.0,0,0,0,0,0.0,0,0,0,0,0.0
Vicente Guaita,ESP,GK,36,Celta Vigo,La Liga,27,26,"2,403",26.7,39,1.46,120,83,70.8,8,7,11,6,23.1,5,4,0,1,0.0
Iván Villar,ESP,GK,26,Celta Vigo,La Liga,12,12,"1,014",11.3,18,1.6,44,26,63.6,2,4,6,0,0.0,3,2,1,0,33.3
Orjan Nyland,NOR,GK,32,Sevilla,La Liga,24,24,"2,160",24.0,27,1.13,104,78,76.9,8,9,7,6,25.0,3,3,0,0,0.0
Marko Dmitrović,SRB,GK,31,Sevilla,La Liga,13,13,"1,170",13.0,25,1.92,68,44,66.2,2,2,9,2,15.4,2,2,0,0,0.0
Yassine Bounou,MAR,GK,32,Sevilla,La Liga,1,1,90,1.0,2,2.0,3,1,33.3,0,0,1,0,0.0,0,0,0,0,0.0
Predrag Rajković,SRB,GK,27,Mallorca,La Liga,36,36,"3,240",36.0,43,1.19,138,95,71.7,7,15,14,9,25.0,5,4,1,0,20.0
Iván Cuéllar,ESP,GK,39,Mallorca,La Liga,1,1,90,1.0,1,1.0,6,5,83.3,1,0,0,0,0.0,0,0,0,0,0.0
Dominik Greif,SVK,GK,26,Mallorca,La Liga,1,1,90,1.0,0,0.0,4,4,100.0,0,1,0,1,100.0,0,0,0,0,0.0
Alvaro Vallés,ESP,GK,26,Las Palmas,La Liga,37,37,"3,263",36.3,44,1.21,152,108,74.3,10,10,17,8,21.6,9,5,3,1,37.5
Aarón Escandell,ESP,GK,27,Las Palmas,La Liga,2,1,153,1.7,3,1.76,4,1,25.0,0,0,1,0,0.0,0,0,0,0,0.0
Stole Dimitrievski,MKD,GK,29,Rayo Vallecano,La Liga,37,37,"3,330",37.0,47,1.27,150,104,69.3,8,14,15,13,35.1,2,1,1,0,50.0
Cárdenas,ESP,GK,26,Rayo Vallecano,La Liga,1,1,90,1.0,1,1.0,1,0,0.0,0,0,1,0,0.0,0,0,0,0,0.0
Jeremías Ledesma,ARG,GK,30,Cádiz,La Liga,34,34,"3,048",33.9,47,1.39,151,104,70.2,6,12,16,9,26.5,2,2,0,0,0.0
David Gil,ESP,GK,29,Cádiz,La Liga,5,4,372,4.1,8,1.94,24,17,66.7,0,3,1,1,25.0,0,0,0,0,0.0
Luís Maximiano,POR,GK,24,Almería,La Liga,33,33,"2,970",33.0,63,1.91,175,111,66.3,2,11,20,6,18.2,7,4,1,2,20.0
Fernando,ESP,GK,33,Almería,La Liga,4,4,360,4.0,10,2.5,23,13,56.5,1,1,2,0,0.0,0,0,0,0,0.0
Diego Mariño,ESP,GK,33,Almería,La Liga,1,1,90,1.0,2,2.0,4,2,100.0,0,0,1,0,0.0,2,2,0,0,0.0
Augusto Batalla,ARG,GK,27,Granada,La Liga,17,17,"1,530",17.0,28,1.65,86,58,67.4,3,4,10,3,17.6,0,0,0,0,0.0
André Ferreira,POR,GK,27,Granada,La Liga,15,14,"1,340",14.9,29,1.95,77,49,66.2,0,5,9,0,0.0,3,3,0,0,0.0
Raúl Fernández,ESP,GK,35,Granada,La Liga,4,4,280,3.1,11,3.54,17,7,35.3,1,0,3,0,0.0,1,0,0,1,0.0
Marc Martínez,ESP,GK,33,Granada,La Liga,3,3,270,3.0,11,3.67,23,12,60.9,0,0,3,0,0.0,2,2,0,0,0.0
Gianluigi Donnarumma,ITA,GK,24,Paris S-G,Ligue 1,25,25,"2,169",24.1,20,0.83,110,89,84.5,18,6,1,10,40.0,4,3,1,0,25.0
Arnau Tenas,ESP,GK,22,Paris S-G,Ligue 1,6,5,529,5.9,7,1.19,25,18,72.0,2,2,1,1,20.0,0,0,0,0,0.0
Keylor Navas,CRC,GK,36,Paris S-G,Ligue 1,4,4,360,4.0,6,1.5,12,6,58.3,2,2,0,1,25.0,1,1,0,0,0.0
Philipp Köhn,SUI,GK,25,Monaco,Ligue 1,22,22,"1,980",22.0,32,1.45,97,65,72.2,11,5,6,5,22.7,6,5,1,0,16.7
Radosław Majecki,POL,GK,23,Monaco,Ligue 1,12,12,"1,080",12.0,10,0.83,54,45,81.5,9,2,1,7,58.3,0,0,0,0,0.0
Marco Bizot,NED,GK,32,Brest,Ligue 1,32,32,"2,876",32.0,34,1.06,129,94,75.2,15,10,7,13,40.6,3,2,1,0,33.3
Grégoire Coudert,FRA,GK,24,Brest,Ligue 1,3,2,181,2.0,0,0.0,4,4,100.0,2,0,0,2,100.0,0,0,0,0,0.0
Lucas Chevalier,FRA,GK,21,Lille,Ligue 1,33,33,"2,969",33.0,32,0.97,123,91,76.4,16,10,7,15,45.5,5,3,2,0,40.0
Vito Mannone,ITA,GK,35,Lille,Ligue 1,2,1,91,1.0,2,1.98,5,3,60.0,0,1,0,0,0.0,0,0,0,0,0.0
Marcin Bułka,POL,GK,23,Nice,Ligue 1,34,34,"3,060",34.0,29,0.85,105,74,77.1,15,10,9,17,50.0,8,5,3,0,37.5
Anthony Lopes,POR,GK,32,Lyon,Ligue 1,31,31,"2,790",31.0,49,1.58,155,106,71.0,16,4,11,9,29.0,6,4,1,1,20.0
Rémy Riou,FRA,GK,35,Lyon,Ligue 1,3,3,270,3.0,6,2.0,14,8,57.1,0,1,2,1,33.3,0,0,0,0,0.0
Brice Samba,FRA,GK,29,Lens,Ligue 1,33,33,"2,970",33.0,35,1.06,136,101,78.7,14,8,11,14,42.4,8,6,1,1,14.3
Jean-Louis Leca,FRA,GK,37,Lens,Ligue 1,1,1,90,1.0,2,2.0,2,0,0.0,0,1,0,0,0.0,0,0,0,0,0.0
Pau López,ESP,GK,28,Marseille,Ligue 1,33,33,"2,939",32.7,39,1.19,124,86,71.0,13,11,9,7,21.2,3,3,0,0,0.0
Rubén Blanco,ESP,GK,28,Marseille,Ligue 1,2,1,121,1.3,2,1.49,6,4,66.7,0,0,1,0,0.0,0,0,0,0,0.0
Yehvann Diouf,FRA,GK,23,Reims,Ligue 1,34,34,"3,060",34.0,47,1.38,137,90,70.1,13,8,13,8,23.5,7,6,1,0,14.3
Steve Mandanda,FRA,GK,38,Rennes,Ligue 1,34,34,"3,060",34.0,46,1.35,147,104,70.7,12,10,12,7,20.6,3,3,0,0,0.0
Guillaume Restes,FRA,GK,18,Toulouse,Ligue 1,34,34,"3,060",34.0,46,1.35,139,93,69.8,11,10,13,6,17.6,4,4,0,0,0.0
Benjamin Lecomte,FRA,GK,32,Montpellier,Ligue 1,30,30,"2,700",30.0,37,1.23,137,102,75.9,9,11,10,10,33.3,5,4,1,0,20.0
Dimitry Bertaud,COD,GK,25,Montpellier,Ligue 1,4,4,360,4.0,11,2.75,34,23,67.6,1,1,2,0,0.0,0,0,0,0,0.0
Matz Sels,BEL,GK,31,Strasbourg,Ligue 1,19,19,"1,710",19.0,24,1.26,62,40,62.9,6,7,6,3,15.8,1,1,0,0,0.0
Alaa Bellaarouch,MAR,GK,21,Strasbourg,Ligue 1,15,15,"1,350",15.0,26,1.73,63,37,63.5,4,2,9,2,13.3,4,3,1,0,25.0
Alban Lafont,FRA,GK,24,Nantes,Ligue 1,28,28,"2,496",27.7,43,1.55,118,75,70.3,7,4,17,7,25.0,8,8,0,0,0.0
Rémy Descamps,FRA,GK,27,Nantes,Ligue 1,6,6,540,6.0,11,1.83,37,26,73.0,2,2,2,1,16.7,2,1,0,1,0.0
Denis Petrić,SRB,GK,35,Nantes,Ligue 1,1,0,24,0.3,1,3.75,1,0,0.0,0,0,0,0,0.0,0,0,0,0,0.0
Arthur Desmas,FRA,GK,29,Le Havre,Ligue 1,33,33,"2,970",33.0,43,1.3,153,111,72.5,7,11,15,7,21.2,3,1,1,1,50.0
Mathieu Gorgelin,FRA,GK,32,Le Havre,Ligue 1,1,1,90,1.0,2,2.0,5,3,80.0,0,0,1,0,0.0,1,1,0,0,0.0
Alexandre Oukidja,ALG,GK,35,Metz,Ligue 1,34,34,"2,987",33.2,57,1.72,185,128,72.4,8,5,21,6,17.6,6,6,0,0,0.0
Guillaume Dietsch,FRA,GK,22,Metz,Ligue 1,1,0,73,0.8,1,1.23,3,2,66.7,0,0,0,0,0.0,0,0,0,0,0.0
Yvon Mvogo,SUI,GK,29,Lorient,Ligue 1,34,34,"3,060",34.0,66,1.94,207,142,72.0,7,8,19,4,11.8,8,8,0,0,0.0
Mory Diaw,SEN,GK,30,Clermont Foot,Ligue 1,30,30,"2,700",30.0,54,1.8,188,134,74.5,4,8,18,5,16.7,8,6,1,1,14.3
Massamba Ndiaye,SEN,GK,21,Clermont Foot,Ligue 1,4,4,360,4.0,6,1.5,24,18,79.2,1,2,1,0,0.0,1,1,0,0,0.0
Ederson,BRA,GK,29,Manchester City,Premier League,33,33,"2,785",30.9,27,0.87,82,56,70.7,24,6,3,10,30.3,3,3,0,0,0.0
Stefan Ortega,GER,GK,30,Manchester City,Premier League,9,5,635,7.1,7,0.99,27,20,74.1,4,1,0,3,60.0,0,0,0,0,0.0
David Raya,ESP,GK,27,Arsenal,Premier League,32,32,"2,880",32.0,24,0.75,69,45,68.1,23,4,5,16,50.0,3,2,1,0,33.3
Aaron Ramsdale,ENG,GK,25,Arsenal,Premier League,6,6,540,6.0,5,0.83,14,9,64.3,5,1,0,2,33.3,0,0,0,0,0.0
Alisson,BRA,GK,30,Liverpool,Premier League,28,28,"2,520",28.0,30,1.07,109,80,73.4,16,8,4,8,28.6,1,1,0,0,0.0
Caoimhín Kelleher,IRL,GK,24,Liverpool,Premier League,10,10,900,10.0,11,1.1,38,28,71.1,8,2,0,2,20.0,0,0,0,0,0.0
Emiliano Martínez,ARG,GK,30,Aston Villa,Premier League,34,34,"3,015",33.5,48,1.43,139,95,66.2,19,8,7,8,23.5,1,1,0,0,0.0
Robin Olsen,SWE,GK,33,Aston Villa,Premier League,5,4,405,4.5,13,2.89,34,20,61.8,1,0,3,0,0.0,1,0,1,0,100.0
Guglielmo Vicario,ITA,GK,26,Tottenham,Premier League,38,38,"3,420",38.0,61,1.61,167,109,67.7,20,6,12,7,18.4,7,7,0,0,0.0
Dorđe Petrović,SRB,GK,23,Chelsea,Premier League,23,22,"1,987",22.1,38,1.72,108,73,65.7,13,5,4,5,22.7,2,1,0,1,0.0
Robert Sánchez,ESP,GK,25,Chelsea,Premier League,16,16,"1,433",15.9,25,1.57,78,52,70.5,5,4,7,3,18.8,3,2,1,0,33.3
Martin Dúbravka,SVK,GK,34,Newcastle Utd,Premier League,23,22,"1,985",22.1,42,1.9,130,87,70.8,9,4,9,5,22.7,5,4,1,0,20.0
Nick Pope,ENG,GK,31,Newcastle Utd,Premier League,15,15,"1,345",14.9,16,1.07,58,42,72.4,9,2,4,5,33.3,0,0,0,0,0.0
Loris Karius,GER,GK,30,Newcastle Utd,Premier League,1,1,90,1.0,4,4.0,7,4,42.9,0,0,1,0,0.0,0,0,0,0,0.0
André Onana,CMR,GK,27,Manchester Utd,Premier League,38,38,"3,420",38.0,58,1.53,203,146,74.9,18,6,14,9,23.7,7,7,0,0,0.0
Alphonse Areola,FRA,GK,30,West Ham,Premier League,31,31,"2,699",30.0,53,1.77,188,136,74.5,11,9,11,4,12.9,7,5,2,0,28.6
Lukasz Fabiański,POL,GK,38,West Ham,Premier League,10,7,721,8.0,21,2.62,53,33,66.0,3,1,3,1,14.3,3,3,0,0,0.0
Sam Johnstone,ENG,GK,30,Crystal Palace,Premier League,20,20,"1,796",20.0,27,1.35,67,41,62.7,5,6,9,6,30.0,2,2,0,0,0.0
Dean Henderson,ENG,GK,26,Crystal Palace,Premier League,18,18,"1,620",18.0,30,1.67,86,57,66.3,8,4,6,4,22.2,1,1,0,0,0.0
Remi Matthews,ENG,GK,29,Crystal Palace,Premier League,1,0,4,0.0,1,22.5,1,0,0.0,0,0,0,0,0.0,0,0,0,0,0.0
Bart Verbruggen,NED,GK,20,Brighton,Premier League,21,21,"1,890",21.0,28,1.33,91,63,72.5,7,8,6,4,19.0,3,3,0,0,0.0
Jason Steele,ENG,GK,32,Brighton,Premier League,17,17,"1,530",17.0,34,2.0,74,42,58.1,5,4,8,2,11.8,3,3,0,0,0.0
Neto,BRA,GK,34,Bournemouth,Premier League,32,32,"2,880",32.0,55,1.72,165,110,69.7,10,9,13,7,21.9,6,5,1,0,16.7
Mark Travers,IRL,GK,24,Bournemouth,Premier League,4,4,360,4.0,5,1.25,18,13,77.8,2,0,2,2,50.0,1,1,0,0,0.0
Ionuț Radu,ROU,GK,26,Bournemouth,Premier League,2,2,180,2.0,7,3.5,11,4,36.4,1,0,1,0,0.0,0,0,0,0,0.0
Bernd Leno,GER,GK,31,Fulham,Premier League,38,38,"3,420",38.0,61,1.61,190,133,72.1,13,8,17,10,26.3,8,8,0,0,0.0
José Sá,POR,GK,30,Wolves,Premier League,35,35,"3,037",33.7,58,1.72,188,131,73.4,12,7,16,4,11.4,8,8,0,0,0.0
Daniel Bentley,ENG,GK,30,Wolves,Premier League,5,3,383,4.3,7,1.64,15,8,53.3,1,0,2,1,33.3,0,0,0,0,0.0
Jordan Pickford,ENG,GK,29,Everton,Premier League,38,38,"3,420",38.0,51,1.34,165,117,73.9,13,9,16,13,34.2,8,8,0,0,0.0
Mark Flekken,NED,GK,30,Brentford,Premier League,37,37,"3,285",36.5,63,1.73,176,113,65.3,10,9,18,7,18.9,2,2,0,0,0.0
Thomas Strakosha,ALB,GK,28,Brentford,Premier League,2,1,135,1.5,2,1.33,8,6,75.0,0,0,1,0,0.0,0,0,0,0,0.0
Matt Turner,USA,GK,29,Nott'ham Forest,Premier League,17,17,"1,530",17.0,28,1.65,80,52,67.5,4,5,8,2,11.8,2,2,0,0,0.0
Matz Sels,BEL,GK,31,Nott'ham Forest,Premier League,16,16,"1,440",16.0,27,1.69,61,36,57.4,4,4,8,1,6.3,1,1,0,0,0.0
Odisseas Vlachodimos,GRE,GK,29,Nott'ham Forest,Premier League,5,5,450,5.0,12,2.4,22,10,50.0,1,0,4,1,20.0,1,1,0,0,0.0
Thomas Kaminski,BEL,GK,30,Luton Town,Premier League,38,38,"3,405",37.8,85,2.25,221,140,63.3,6,8,24,2,5.3,4,4,0,0,0.0
James Shea,ENG,GK,32,Luton Town,Premier League,1,0,15,0.2,0,0.0,2,2,100.0,0,0,0,0,0.0,0,0,0,0,0.0
James Trafford,ENG,GK,20,Burnley,Premier League,28,28,"2,520",28.0,62,2.21,166,106,65.7,3,5,20,2,7.1,5,5,0,0,0.0
Arijanet Muric,KVX,GK,24,Burnley,Premier League,10,10,900,10.0,16,1.6,78,62,80.8,2,4,4,0,0.0,2,1,1,0,50.0
Wes Foderingham,ENG,GK,32,Sheffield Utd,Premier League,30,29,"2,649",29.4,79,2.68,204,130,63.7,3,4,22,1,3.4,6,5,0,1,0.0
Ivo Grbić,CRO,GK,27,Sheffield Utd,Premier League,9,9,771,8.6,25,2.92,59,36,57.6,0,3,6,0,0.0,1,0,0,1,0.0
Simon Mignolet,BEL,GK,35,Club Brugge,Pro League,28,28,"2,439",27.1,26,0.96,86,60,69.8,12,9,7,9,32.1,1,0,0,1,0.0
Nordin Jackers,BEL,GK,25,Club Brugge,Pro League,3,2,261,2.9,3,1.03,12,9,75.0,2,0,0,1,50.0,2,0,0,2,0.0
Anthony Moris,LUX,GK,33,Union SG,Pro League,29,29,"2,588",28.8,30,1.04,87,57,69.0,20,7,2,8,27.6,3,3,0,0,0.0
Heinz Lindner,AUT,GK,33,Union SG,Pro League,1,1,90,1.0,1,1.0,2,1,50.0,1,0,0,0,0.0,0,0,0,0,0.0
Joachim Imbrechts,SWE,GK,21,Union SG,Pro League,1,0,21,0.2,0,0.0,1,1,100.0,0,0,0,0,0.0,0,0,0,0,0.0
Kasper Schmeichel,DEN,GK,36,Anderlecht,Pro League,23,23,"2,070",23.0,23,1.0,110,86,80.0,14,7,2,5,21.7,2,1,1,0,50.0
Maxime Dupé,FRA,GK,30,Anderlecht,Pro League,7,7,630,7.0,7,1.0,24,17,79.2,4,2,1,2,28.6,2,2,0,0,0.0
Warleson,BRA,GK,26,Cercle Brugge,Pro League,30,30,"2,700",30.0,34,1.13,123,90,72.4,14,5,11,11,36.7,1,0,1,0,100.0
Maarten Vandevoordt,BEL,GK,21,Genk,Pro League,30,30,"2,700",30.0,31,1.03,116,84,75.0,12,11,7,10,33.3,3,2,1,0,33.3
Jean Butez,FRA,GK,28,Antwerp,Pro League,30,30,"2,700",30.0,27,0.9,97,71,77.3,14,10,6,12,40.0,5,5,0,0,0.0
Davy Roef,BEL,GK,29,Gent,Pro League,12,12,"1,080",12.0,9,0.75,42,30,85.7,7,4,1,5,41.7,6,3,3,0,50.0
Paul Nardi,FRA,GK,29,Gent,Pro League,10,10,900,10.0,12,1.2,42,30,73.8,4,5,1,1,10.0,1,1,0,0,0.0
Daniel Schmidt,JPN,GK,31,Gent,Pro League,8,8,720,8.0,17,2.12,38,21,65.8,1,2,5,1,12.5,4,4,0,0,0.0
Gaëtan Coucke,BEL,GK,24,Mechelen,Pro League,30,30,"2,700",30.0,34,1.13,124,90,73.4,13,6,11,10,33.3,4,1,1,2,50.0
Zion Suzuki,JPN,GK,20,Sint-Truiden,Pro League,22,22,"1,980",22.0,35,1.59,100,65,70.0,7,8,7,5,22.7,5,5,0,0,0.0
Jo Coppens,BEL,GK,32,Sint-Truiden,Pro League,4,4,360,4.0,8,2.0,14,6,42.9,1,1,2,0,0.0,0,0,0,0,0.0
Daniel Schmidt,JPN,GK,31,Sint-Truiden,Pro League,4,4,360,4.0,3,0.75,12,9,75.0,2,1,1,2,50.0,0,0,0,0,0.0
Tobe Leysen,BEL,GK,21,OH Leuven,Pro League,16,16,"1,440",16.0,18,1.13,78,62,78.2,4,5,7,5,31.3,1,1,0,0,0.0
Maxence Prevot,FRA,GK,26,OH Leuven,Pro League,11,11,990,11.0,21,1.91,56,34,66.1,3,2,6,2,18.2,3,2,1,0,33.3
Valentin Cojocaru,ROU,GK,27,OH Leuven,Pro League,3,3,270,3.0,8,2.67,15,7,73.3,0,1,2,0,0.0,4,4,0,0,0.0
Sinan Bolat,TUR,GK,34,Westerlo,Pro League,26,26,"2,340",26.0,44,1.69,132,89,68.9,7,9,10,5,19.2,3,3,0,0,0.0
Nick Gillekens,BEL,GK,28,Westerlo,Pro League,4,4,360,4.0,10,2.5,23,14,56.5,0,0,4,0,0.0,0,0,0,0,0.0
Arnaud Bodart,BEL,GK,25,Standard Liège,Pro League,29,29,"2,610",29.0,35,1.21,134,98,77.6,8,10,11,5,17.2,6,5,1,0,16.7
Laurent Henkinet,BEL,GK,30,Standard Liège,Pro League,1,1,90,1.0,6,6.0,9,3,44.4,0,0,1,0,0.0,1,1,0,0,0.0
Hervé Koffi,BFA,GK,26,Charleroi,Pro League,26,26,"2,339",26.0,39,1.5,129,91,73.6,6,8,12,7,26.9,5,5,0,0,0.0
Pierre Patron,FRA,GK,25,Charleroi,Pro League,4,4,360,4.0,9,2.25,21,12,57.1,1,0,3,1,25.0,0,0,0,0,0.0
Martin Delavallée,BEL,GK,19,Charleroi,Pro League,1,0,1,0.0,0,0.0,0,0,0.0,0,0,0,0,0.0,0,0,0,0,0.0
Tom Vandenberghe,BEL,GK,30,Kortrijk,Pro League,21,21,"1,890",21.0,47,2.24,126,82,63.5,2,4,15,1,4.8,2,1,0,1,0.0
Lucas Pirard,BEL,GK,28,Kortrijk,Pro League,9,9,810,9.0,10,1.11,42,33,76.2,4,2,3,4,44.4,0,0,0,0,0.0
Théo Defourny,BEL,GK,31,RWD Molenbeek,Pro League,30,30,"2,679",29.8,66,2.22,178,110,69.7,5,8,17,4,13.3,15,12,3,0,20.0
Guillaume Hubert,BEL,GK,29,RWD Molenbeek,Pro League,1,0,17,0.2,1,5.29,0,0,0.0,0,0,0,0,0.0,0,0,0,0,0.0
Gaga Slonina,USA,GK,19,Eupen,Pro League,28,28,"2,520",28.0,56,2.0,159,106,66.7,6,2,20,4,14.3,5,3,1,1,25.0
Manaf Nurudeen,GHA,GK,24,Eupen,Pro League,2,2,180,2.0,2,1.0,8,6,87.5,1,1,0,1,50.0,1,1,0,0,0.0
Antonio Adán,ESP,GK,36,Sporting CP,Primeira Liga,22,22,"1,980",22.0,22,1.0,55,33,67.3,18,2,2,9,40.9,4,4,0,0,0.0
Franco Israel,URU,GK,23,Sporting CP,Primeira Liga,10,10,900,10.0,7,0.7,23,16,69.6,9,1,0,5,50.0,0,0,0,0,0.0
Diogo Pinto,POR,GK,19,Sporting CP,Primeira Liga,2,2,171,1.9,0,0.0,1,1,100.0,2,0,0,1,50.0,0,0,0,0,0.0
Francisco Silva,POR,GK,17,Sporting CP,Primeira Liga,1,0,9,0.1,0,0.0,0,0,0.0,0,0,0,1,0.0,0,0,0,0,0.0
Anatolii Trubin,UKR,GK,21,Benfica,Primeira Liga,28,28,"2,520",28.0,22,0.79,98,73,79.6,21,4,3,13,46.4,5,2,3,0,60.0
Samuel Soares,POR,GK,21,Benfica,Primeira Liga,5,5,450,5.0,3,0.6,11,8,81.8,4,1,0,3,60.0,1,1,0,0,0.0
Odisseas Vlachodimos,GRE,GK,29,Benfica,Primeira Liga,1,1,90,1.0,3,3.0,4,1,50.0,0,0,1,0,0.0,1,1,0,0,0.0
Diogo Costa,POR,GK,23,Porto,Primeira Liga,33,33,"2,944",32.7,25,0.76,77,53,72.7,21,6,6,13,39.4,6,4,1,1,20.0
Cláudio Ramos,POR,GK,31,Porto,Primeira Liga,2,1,114,1.3,2,1.58,4,2,50.0,1,0,0,0,0.0,0,0,0,0,0.0
Matheus,BRA,GK,31,Braga,Primeira Liga,34,34,"3,060",34.0,50,1.47,127,79,65.4,21,5,8,6,17.6,7,6,0,1,0.0
Bruno Varela,CPV,GK,28,Vitória,Primeira Liga,27,27,"2,385",26.5,31,1.17,99,68,72.7,15,4,8,7,25.9,5,4,1,0,20.0
Charles,BRA,GK,29,Vitória,Primeira Liga,8,7,675,7.5,7,0.93,27,20,77.8,4,2,1,3,42.9,1,1,0,0,0.0
Kewin,BRA,GK,27,Moreirense,Primeira Liga,30,30,"2,686",29.8,34,1.14,119,86,72.3,13,7,10,13,43.3,1,1,0,0,0.0
Caio Secco,BRA,GK,32,Moreirense,Primeira Liga,4,4,360,4.0,1,0.25,9,8,88.9,3,0,1,3,75.0,0,0,0,0,0.0
Mika,POR,GK,32,Moreirense,Primeira Liga,1,0,14,0.2,0,0.0,0,0,0.0,0,0,0,0,0.0,0,0,0,0,0.0
Ignacio De Arruabarrena,URU,GK,26,Arouca,Primeira Liga,31,31,"2,790",31.0,45,1.45,142,96,73.2,13,5,13,4,12.9,9,7,1,1,12.5
Mosquito,BRA,GK,27,Arouca,Primeira Liga,2,2,180,2.0,5,2.5,7,3,28.6,0,1,1,0,0.0,0,0,0,0,0.0
João Valido,POR,GK,23,Arouca,Primeira Liga,1,1,90,1.0,0,0.0,1,1,100.0,0,1,0,1,100.0,0,0,0,0,0.0
Luiz Lúcio Reis Júnior,BRA,GK,22,Famalicão,Primeira Liga,33,33,"2,970",33.0,39,1.18,145,105,75.2,10,12,11,8,24.2,8,3,3,2,50.0
Ivan Zlobin,RUS,GK,26,Famalicão,Primeira Liga,1,1,90,1.0,2,2.0,4,2,50.0,0,0,1,0,0.0,0,0,0,0,0.0
Ricardo Batista,POR,GK,36,Casa Pia,Primeira Liga,31,31,"2,785",30.9,45,1.45,145,100,69.7,9,8,14,10,32.3,1,1,0,0,0.0
Lucas Paes,BRA,GK,25,Casa Pia,Primeira Liga,4,3,273,3.0,5,1.65,14,9,64.3,1,0,2,0,0.0,0,0,0,0,0.0
Ricardo Velho,POR,GK,24,Farense,Primeira Liga,32,32,"2,880",32.0,46,1.44,181,135,77.9,10,7,15,7,21.9,7,6,1,0,14.3
Miguel Carvalho,POR,GK,27,Farense,Primeira Liga,2,2,180,2.0,5,2.5,11,6,54.5,0,0,2,0,0.0,0,0,0,0,0.0
Jhonatan,BRA,GK,32,Rio Ave,Primeira Liga,26,26,"2,340",26.0,30,1.15,118,88,75.4,5,16,5,9,34.6,3,1,1,1,50.0
Magrão,BRA,GK,23,Rio Ave,Primeira Liga,7,7,630,7.0,12,1.71,31,19,64.5,1,2,4,1,14.3,1,1,0,0,0.0
Cezary Miszta,POL,GK,21,Rio Ave,Primeira Liga,1,1,90,1.0,1,1.0,9,8,88.9,0,1,0,0,0.0,0,0,0,0,0.0
Andrew,BRA,GK,22,Gil Vicente FC,Primeira Liga,32,32,"2,880",32.0,46,1.44,143,97,71.3,9,8,15,9,28.1,7,5,2,0,28.6
Vinicius Dias,BRA,GK,26,Gil Vicente FC,Primeira Liga,2,2,180,2.0,6,3.0,11,5,45.5,0,1,1,0,0.0,0,0,0,0,0.0
Marcelo Carné,BRA,GK,33,Estoril,Primeira Liga,22,22,"1,979",22.0,28,1.27,105,78,74.3,7,5,10,8,36.4,2,1,1,0,50.0
Daniel Leite,POR,GK,25,Estoril,Primeira Liga,12,12,"1,080",12.0,29,2.42,61,33,54.1,2,1,9,2,16.7,1,1,0,0,0.0
Bruno Brigido,BRA,GK,32,Estrela,Primeira Liga,26,26,"2,340",26.0,43,1.65,119,77,65.5,4,10,12,4,15.4,3,2,0,1,0.0
Wagner Santos,BRA,GK,25,Estrela,Primeira Liga,5,5,427,4.7,4,0.84,13,9,69.2,1,2,2,1,20.0,0,0,0,0,0.0
António Filipe de Carvalho,POR,GK,38,Estrela,Primeira Liga,3,3,270,3.0,3,1.0,10,7,70.0,2,0,1,2,66.7,0,0,0,0,0.0
Cambila,ANG,GK,21,Estrela,Primeira Liga,1,0,17,0.2,3,15.88,6,2,50.0,0,0,0,0,0.0,1,0,1,0,100.0
João Gonçalves,POR,GK,22,Boavista,Primeira Liga,34,34,"3,060",34.0,62,1.82,172,111,66.3,7,11,16,3,8.8,6,4,0,2,0.0
Kosuke Nakamura,JPN,GK,28,Portimonense,Primeira Liga,20,20,"1,800",20.0,38,1.9,95,59,62.1,4,7,9,2,10.0,3,2,0,1,0.0
Vinicius Silvestre,BRA,GK,29,Portimonense,Primeira Liga,14,14,"1,260",14.0,34,2.43,79,48,60.8,4,1,9,1,7.1,3,3,0,0,0.0
Fabijan Buntić,CRO,GK,26,Vizela,Primeira Liga,28,27,"2,496",27.7,60,2.16,137,78,59.9,3,10,14,6,22.2,6,5,0,1,0.0
Francesco Ruberto,SUI,GK,30,Vizela,Primeira Liga,7,7,564,6.3,6,0.96,24,19,75.0,2,1,4,2,28.6,0,0,0,0,0.0
Hugo Souza,BRA,GK,24,Chaves,Primeira Liga,26,26,"2,340",26.0,53,2.04,141,86,65.2,4,8,14,4,15.4,6,4,2,0,33.3
Rodrigo Nascimento,BRA,GK,27,Chaves,Primeira Liga,7,7,630,7.0,16,2.29,35,19,57.1,1,0,6,0,0.0,1,1,0,0,0.0
Gonçalo Filipe,POR,GK,23,Chaves,Primeira Liga,1,1,90,1.0,3,3.0,8,5,75.0,0,0,1,0,0.0,1,1,0,0,0.0
Franco Armani,ARG,GK,36,River Plate,Primera Division,26,26,"2,340",26.0,17,0.65,71,54,78.9,19,3,4,14,53.8,2,2,0,0,0.0
Ezequiel Centurión,ARG,GK,25,River Plate,Primera Division,1,1,90,1.0,3,3.0,5,2,40.0,0,1,0,0,0.0,0,0,0,0,0.0
Guido Herrera,ARG,GK,30,Talleres,Primera Division,27,27,"2,430",27.0,23,0.85,102,81,80.4,14,8,5,10,37.0,3,3,0,0,0.0
Augusto Batalla,ARG,GK,26,San Lorenzo,Primera Division,22,22,"1,980",22.0,9,0.41,59,48,86.4,9,10,3,14,63.6,3,1,2,0,66.7
Facundo Altamirano,ARG,GK,26,San Lorenzo,Primera Division,5,5,450,5.0,4,0.8,29,25,89.7,3,0,2,3,60.0,1,1,0,0,0.0
Lucas Acosta,ARG,GK,27,Lanús,Primera Division,18,18,"1,620",18.0,17,0.94,65,48,75.4,7,7,4,7,38.9,1,1,0,0,0.0
Lautaro Morales,ARG,GK,23,Lanús,Primera Division,9,9,802,8.9,9,1.01,19,11,52.6,5,2,2,2,22.2,0,0,0,0,0.0
Mariano Andújar,ARG,GK,39,Estudiantes,Primera Division,25,25,"2,250",25.0,19,0.76,63,44,74.6,12,9,4,11,44.0,4,3,1,0,25.0
Daniel Sappa,ARG,GK,27,Estudiantes,Primera Division,2,2,180,2.0,5,2.5,13,8,69.2,0,0,2,0,0.0,1,1,0,0,0.0
Ezequiel Unsain,ARG,GK,27,Defensa y Just,Primera Division,21,21,"1,890",21.0,16,0.76,89,73,82.0,9,6,6,12,57.1,0,0,0,0,0.0
Enrique Bologna,ARG,GK,40,Defensa y Just,Primera Division,6,6,540,6.0,7,1.17,26,19,76.9,3,2,1,2,33.3,1,1,0,0,0.0
Sergio Romero,ARG,GK,35,Boca Juniors,Primera Division,23,23,"2,070",23.0,20,0.87,83,62,79.5,11,4,8,10,43.5,6,3,3,0,50.0
Javier Hernán García,ARG,GK,36,Boca Juniors,Primera Division,4,4,360,4.0,4,1.0,10,6,60.0,2,1,1,1,25.0,0,0,0,0,0.0
Jorge Broun,ARG,GK,36,Rosario Central,Primera Division,23,23,"2,070",23.0,23,1.0,92,68,77.2,8,11,4,10,43.5,3,2,1,0,33.3
Gaspar Servio,ARG,GK,30,Rosario Central,Primera Division,4,4,360,4.0,6,1.5,27,21,77.8,2,1,1,1,25.0,1,0,0,1,0.0
Diego Matías Rodríguez,ARG,GK,33,Godoy Cruz,Primera Division,26,26,"2,340",26.0,30,1.15,95,66,75.8,10,8,8,8,30.8,7,7,0,0,0.0
Rodrigo Saracho,ARG,GK,29,Godoy Cruz,Primera Division,1,1,90,1.0,2,2.0,3,1,33.3,1,0,0,0,0.0,0,0,0,0,0.0
Federico Lanzillota,ARG,GK,30,Arg Juniors,Primera Division,14,14,"1,260",14.0,15,1.07,40,25,67.5,5,3,6,6,42.9,2,2,0,0,0.0
Alexis Martin Arias,ARG,GK,30,Arg Juniors,Primera Division,13,13,"1,170",13.0,7,0.54,37,29,89.2,6,4,3,7,53.8,4,3,1,0,25.0
Tomás Marchiori,ARG,GK,27,Atlé Tucumán,Primera Division,27,27,"2,430",27.0,27,1.0,110,83,78.2,9,10,8,11,40.7,4,3,1,0,25.0
Gabriel Arias,CHI,GK,35,Racing Club,Primera Division,24,24,"2,134",23.7,30,1.27,88,58,68.2,8,8,8,6,25.0,2,2,0,0,0.0
Matías Tagliamonte,ARG,GK,24,Racing Club,Primera Division,4,3,296,3.3,5,1.52,15,10,66.7,1,1,1,0,0.0,0,0,0,0,0.0
Nahuel Losada,ARG,GK,29,Belgrano,Primera Division,26,26,"2,292",25.5,24,0.94,98,73,77.6,9,6,11,12,46.2,4,2,2,0,50.0
Manuel Vicentini,ARG,GK,32,Belgrano,Primera Division,2,1,136,1.5,2,1.32,8,6,75.0,1,0,0,1,100.0,0,0,0,0,0.0
Lucas Hoyos,ARG,GK,33,Newell's OB,Primera Division,27,27,"2,430",27.0,24,0.89,88,61,75.0,8,11,8,12,44.4,5,2,3,0,60.0
Andrés Desábato,ARG,GK,32,Barracas Central,Primera Division,24,24,"2,160",24.0,24,1.0,98,75,77.6,7,10,7,10,41.7,2,2,0,0,0.0
Guido Villar,ARG,GK,24,Barracas Central,Primera Division,3,3,270,3.0,6,2.0,16,10,62.5,1,1,1,1,33.3,0,0,0,0,0.0
Gonzalo Marinelli,ARG,GK,33,Tigre,Primera Division,25,25,"2,250",25.0,28,1.12,104,76,74.0,7,7,11,6,24.0,1,1,0,0,0.0
Santiago Rojas,PAR,GK,26,Tigre,Primera Division,2,2,180,2.0,1,0.5,8,7,87.5,2,0,0,1,50.0,0,0,0,0,0.0
Ramiro Macagno,ARG,GK,25,Platense,Primera Division,22,22,"1,980",22.0,18,0.82,72,54,77.8,8,5,9,10,45.5,2,2,0,0,0.0
Ignacio Arce,ARG,GK,30,Platense,Primera Division,5,5,450,5.0,11,2.2,27,15,63.0,1,2,2,0,0.0,2,1,1,0,50.0
Jorge Carranza,ARG,GK,41,Instituto,Primera Division,17,17,"1,522",16.9,20,1.18,77,57,79.2,5,5,7,5,29.4,4,4,0,0,0.0
Manuel Roffo,ARG,GK,22,Instituto,Primera Division,11,10,905,10.1,15,1.49,59,45,76.3,3,3,4,4,40.0,1,1,0,0,0.0
Sebastián Meza,ARG,GK,22,Sarmiento,Primera Division,21,21,"1,890",21.0,18,0.86,98,79,85.7,7,7,7,10,47.6,5,4,1,0,20.0
José Devecchi,ARG,GK,27,Sarmiento,Primera Division,6,6,540,6.0,8,1.33,30,22,73.3,0,2,4,1,16.7,0,0,0,0,0.0
Santiago Mele,URU,GK,25,Unión,Primera Division,16,16,"1,440",16.0,15,0.94,59,43,78.0,4,7,5,7,43.8,3,2,1,0,33.3
Sebastián Moyano,ARG,GK,32,Unión,Primera Division,11,11,990,11.0,10,0.91,31,21,71.0,2,5,4,6,54.5,1,1,0,0,0.0
Facundo Cambeses,ARG,GK,25,Banfield,Primera Division,27,27,"2,430",27.0,32,1.19,103,72,70.9,7,9,11,12,44.4,3,2,0,1,0.0
Tomás Durso,ARG,GK,23,Gimnasia–LP,Primera Division,26,26,"2,340",26.0,35,1.35,100,66,67.0,7,9,10,8,30.8,2,2,0,0,0.0
Nelson Insfrán,ARG,GK,27,Gimnasia–LP,Primera Division,1,1,90,1.0,3,3.0,7,4,71.4,0,0,1,0,0.0,1,1,0,0,0.0
Marcos Ignacio Ledesma,ARG,GK,26,Cen. Córdoba–SdE,Primera Division,18,18,"1,620",18.0,21,1.17,76,55,75.0,5,5,8,5,27.8,3,2,1,0,33.3
Matías Mansilla,ARG,GK,26,Cen. Córdoba–SdE,Primera Division,9,9,810,9.0,9,1.0,37,28,75.7,2,3,4,4,44.4,0,0,0,0,0.0
Rodrigo Rey,ARG,GK,31,Independiente,Primera Division,27,27,"2,430",27.0,32,1.19,99,67,72.7,6,10,11,8,29.6,6,5,1,0,16.7
Leonardo Burián,URU,GK,39,Vélez Sarsfield,Primera Division,19,19,"1,665",18.5,16,0.86,51,37,72.5,5,9,5,6,31.6,2,2,0,0,0.0
Gastón Gómez,ARG,GK,26,Vélez Sarsfield,Primera Division,9,8,765,8.5,11,1.29,38,27,73.7,0,3,5,3,37.5,1,1,0,0,0.0
Lucas Chávez,ARG,GK,27,Huracán,Primera Division,25,25,"2,250",25.0,26,1.04,85,59,71.8,6,6,13,7,28.0,3,2,1,0,33.3
Dante Campisi,ARG,GK,26,Huracán,Primera Division,2,2,180,2.0,3,1.5,8,5,62.5,0,1,1,0,0.0,0,0,0,0,0.0
Ignacio Chicco,ARG,GK,26,Colón,Primera Division,27,27,"2,430",27.0,33,1.22,124,92,78.2,4,13,10,7,25.9,6,6,0,0,0.0
Alejandro Medina,ARG,GK,35,Arsenal,Primera Division,27,27,"2,430",27.0,34,1.26,128,95,77.3,6,4,17,5,18.5,5,5,0,0,0.0
Abraham Rodriguez,USA,GK,20,Rapids,MLS,1,1,90,1.0,1,1.0,5,4,80.0,0,0,1,0,0.0,0,0,0,0,0.0
Adrian Šemper,CRO,GK,25,Como,Serie B,38,38,"3,398",37.8,40,1.06,125,86,70.4,21,10,7,12,31.6,3,3,0,0,0.0
Alec Kann,USA,GK,32,FC Cincinnati,MLS,1,1,90,1.0,2,2.0,5,3,60.0,0,0,1,0,0.0,0,0,0,0,0.0
Alessandro Micai,ITA,GK,30,Cosenza,Serie B,37,37,"3,296",36.6,41,1.12,149,107,73.8,10,14,13,10,27.0,4,2,2,0,50.0
Alex Bono,USA,GK,28,D.C. United,MLS,10,9,855,9.5,11,1.16,39,28,76.9,3,4,2,5,55.6,2,2,0,0,0.0
Alex McCarthy,ENG,GK,33,Southampton,EFL,5,5,450,5.0,9,1.8,26,17,65.4,2,0,3,1,20.0,0,0,0,0,0.0
Alex Palmer,ENG,GK,26,West Brom,EFL,46,46,"4,140",46.0,47,1.02,148,98,70.3,21,12,13,18,39.1,7,3,3,1,50.0
Alexis Sauvage,FRA,GK,31,Amiens,Ligue 2,3,3,270,3.0,4,1.33,9,5,77.8,1,1,1,1,33.3,2,2,0,0,0.0
Alfonso Blanco Antúnez,MEX,GK,36,León,Liga MX,2,2,180,2.0,2,1.0,10,8,90.0,1,0,1,0,0.0,2,1,0,1,0.0
Alfredo Talavera,MEX,GK,40,FC Juárez,Liga MX,17,17,"1,469",16.3,33,2.02,86,53,65.1,5,3,9,0,0.0,3,3,0,0,0.0
Aljaž Ivačič,SVN,GK,29,Portland Timbers,MLS,15,15,"1,350",15.0,29,1.93,81,55,65.4,3,5,7,2,13.3,1,1,0,0,0.0
Altube,ESP,GK,24,Albacete,Segunda Division,5,5,450,5.0,8,1.6,21,13,66.7,2,1,2,0,0.0,1,1,0,0,0.0
Ander Cantero,ESP,GK,29,Racing Ferrol,Segunda Division,42,42,"3,780",42.0,52,1.24,153,100,69.3,15,14,13,10,23.8,9,5,1,3,16.7
Andoni Zubiaurre,ESP,GK,27,Eldense,Segunda Division,10,10,900,10.0,11,1.1,31,21,67.7,4,3,3,3,30.0,1,1,0,0,0.0
Andre Blake,JAM,GK,32,Philadelphia,MLS,27,27,"2,372",26.4,28,1.06,99,73,76.8,13,9,5,8,29.6,5,5,0,0,0.0
Andrea Fulignati,ITA,GK,28,Catanzaro,Serie B,37,37,"3,330",37.0,47,1.27,163,116,74.8,17,9,11,10,27.0,7,6,1,0,14.3
Andrea Sala,ITA,GK,29,Catanzaro,Serie B,1,1,90,1.0,3,3.0,9,6,77.8,0,0,1,0,0.0,1,1,0,0,0.0
Andrea Seculin,ITA,GK,33,Modena,Serie B,17,16,"1,487",16.5,23,1.39,63,39,68.3,4,9,3,3,18.8,4,3,1,0,25.0
Andreas Jungdal,DEN,GK,21,Cremonese,Serie B,18,18,"1,620",18.0,13,0.72,62,49,80.6,11,3,4,10,55.6,1,1,0,0,0.0
Andreas Linde,SWE,GK,30,Greuther Fürth,2. Bundesliga,1,1,90,1.0,1,1.0,4,3,100.0,0,1,0,0,0.0,1,1,0,0,0.0
Andreas Luthe,GER,GK,36,Kaiserslautern,2. Bundesliga,2,2,128,1.4,3,2.11,6,3,66.7,0,0,2,0,0.0,1,1,0,0,0.0
Andrew Tarbell,USA,GK,29,Dynamo FC,MLS,1,1,90,1.0,0,0.0,4,4,100.0,0,1,0,1,100.0,0,0,0,0,0.0
Andrés Fernández,ESP,GK,37,Levante,Segunda Division,33,33,"2,970",33.0,29,0.88,120,91,78.3,11,16,6,16,48.5,4,3,1,0,25.0
Andrés Gudiño,MEX,GK,26,Cruz Azul,Liga MX,14,13,"1,219",13.5,22,1.62,69,48,73.9,4,2,7,2,15.4,4,4,0,0,0.0
Andrés Sánchez,MEX,GK,25,Atlético,Liga MX,24,24,"2,160",24.0,45,1.87,117,72,64.1,7,2,15,4,16.7,3,3,0,0,0.0
Angus Gunn,SCO,GK,27,Norwich City,EFL,40,40,"3,540",39.3,48,1.22,152,105,71.1,19,10,11,11,27.5,4,4,0,0,0.0
Anthony Mandrea,ALG,GK,26,Caen,Ligue 2,34,34,"3,060",34.0,42,1.24,136,95,72.1,15,6,13,12,35.3,4,4,0,0,0.0
Anthony Patterson,ENG,GK,23,Sunderland,EFL,45,45,"4,050",45.0,52,1.16,165,114,69.7,16,8,21,13,28.9,3,2,1,0,33.3
Antony Iannarilli,ITA,GK,32,Ternana,Serie B,32,32,"2,880",32.0,44,1.37,157,115,76.4,8,9,15,6,18.8,7,7,0,0,0.0
Arnaud Balijon,FRA,GK,40,Dunkerque,Ligue 2,24,24,"2,091",23.2,35,1.51,97,62,67.0,6,6,12,6,25.0,4,3,1,0,25.0
Asmir Begović,BIH,GK,36,QPR,EFL,45,45,"4,049",45.0,57,1.27,178,122,68.5,14,11,20,13,28.9,1,1,0,0,0.0
Aynsley Pears,ENG,GK,25,Blackburn,EFL,26,26,"2,311",25.7,38,1.48,120,83,70.8,7,8,11,7,26.9,4,3,1,0,25.0
Bartosz Białkowski,POL,GK,36,Millwall,EFL,14,14,"1,260",14.0,21,1.5,63,42,69.8,3,5,6,4,28.6,2,2,0,0,0.0
Bartłomiej Drągowski,POL,GK,25,Spezia,Serie B,13,13,"1,170",13.0,20,1.54,63,44,71.4,1,6,6,3,23.1,2,2,0,0,0.0
Ben Hamer,ENG,GK,35,Watford,EFL,19,19,"1,710",19.0,28,1.47,92,63,70.7,7,5,7,3,15.8,3,1,2,0,66.7
Ben Wilson,ENG,GK,30,Coventry City,EFL,18,18,"1,620",18.0,26,1.44,65,40,61.5,4,6,8,4,22.2,1,1,0,0,0.0
Benjamin Leroy,FRA,GK,34,Quevilly-Rouen,Ligue 2,36,36,"3,240",36.0,51,1.42,128,78,64.8,6,16,14,9,25.0,6,6,0,0,0.0
Benjamin Lundt,GER,GK,27,St. Louis,MLS,1,1,90,1.0,3,3.0,7,4,57.1,0,0,1,0,0.0,0,0,0,0,0.0
Benny Díaz,MEX,GK,24,FC Juárez,Liga MX,4,4,360,4.0,7,1.75,16,9,56.3,3,0,1,0,0.0,0,0,0,0,0.0
Bernabé Barragán,ESP,GK,31,Albacete,Segunda Division,25,25,"2,250",25.0,34,1.36,81,46,63.0,5,11,9,6,24.0,5,4,1,0,20.0
Bingourou Kamara,SEN,GK,26,Pau FC,Ligue 2,36,36,"3,240",36.0,55,1.53,169,114,70.4,13,10,13,6,16.7,6,5,1,0,16.7
Bobby Allain,FRA,GK,31,Grenoble,Ligue 2,3,3,270,3.0,1,0.33,12,11,91.7,2,0,1,2,66.7,0,0,0,0,0.0
Brad Guzan,USA,GK,38,Atlanta Utd,MLS,27,27,"2,430",27.0,39,1.44,100,61,62.0,11,10,6,7,25.9,2,1,0,1,0.0
Brad Stuver,USA,GK,31,Austin,MLS,34,34,"3,060",34.0,55,1.62,183,129,71.6,10,9,15,6,17.6,3,3,0,0,0.0
Bradley Collins,ENG,GK,26,Coventry City,EFL,28,28,"2,520",28.0,33,1.18,132,102,76.5,13,7,8,8,28.6,2,2,0,0,0.0
Brenno,BRA,GK,24,Bari,Serie B,33,33,"2,939",32.7,40,1.22,119,81,69.7,7,15,11,6,18.2,5,4,0,1,0.0
Brice Maubleu,FRA,GK,33,Grenoble,Ligue 2,35,35,"3,150",35.0,43,1.23,145,98,73.1,11,12,12,10,28.6,8,4,4,0,50.0
Bruno,BRA,GK,25,Venezia,Serie B,9,9,810,9.0,10,1.11,27,17,74.1,6,0,3,2,22.2,3,3,0,0,0.0
C.J. dos Santos,USA,GK,22,Inter Miami,MLS,1,1,90,1.0,1,1.0,4,3,75.0,0,0,1,0,0.0,0,0,0,0,0.0
Cameron Dawson,ENG,GK,28,Sheffield Weds,EFL,18,18,"1,620",18.0,28,1.56,62,35,56.5,6,2,10,4,22.2,2,1,1,0,50.0
Camilo Vargas,COL,GK,34,Atlas,Liga MX,34,34,"3,060",34.0,55,1.62,144,88,66.7,7,10,17,8,23.5,8,7,1,0,12.5
Carl Klaus,GER,GK,29,Nürnberg,2. Bundesliga,19,18,"1,640",18.2,30,1.65,89,59,67.4,4,5,9,4,22.2,2,1,0,1,0.0
Carl Rushworth,ENG,GK,22,Swansea City,EFL,46,46,"4,140",46.0,65,1.41,206,143,70.9,15,12,19,10,21.7,5,5,0,0,0.0
Carlos Acevedo,MEX,GK,27,Santos,Liga MX,23,23,"2,005",22.3,38,1.71,114,75,71.9,7,3,13,5,21.7,7,6,1,0,14.3
Carlos Coronel,PAR,GK,26,NY Red Bulls,MLS,34,34,"3,060",34.0,39,1.15,92,54,64.1,11,10,13,9,26.5,7,6,1,0,14.3
Carlos Felipe Rodríguez,MEX,GK,34,UANL,Liga MX,10,10,900,10.0,14,1.4,46,32,69.6,7,2,1,2,20.0,0,0,0,0,0.0
Carlos Moreno,MEX,GK,25,Pachuca,Liga MX,29,29,"2,610",29.0,44,1.52,126,83,69.0,13,7,9,7,24.1,5,5,0,0,0.0
Chris Maxwell,WAL,GK,33,Huddersfield,EFL,9,8,696,7.7,11,1.42,40,29,72.5,2,3,3,0,0.0,0,0,0,0,0.0
Christian Joel,CUB,GK,24,Sporting Gijón,Segunda Division,5,4,372,4.1,3,0.73,16,13,81.3,2,1,1,1,25.0,1,0,0,1,0.0
Christian Mathenia,GER,GK,31,Nürnberg,2. Bundesliga,15,15,"1,327",14.7,30,2.03,67,37,59.7,7,2,6,2,13.3,3,3,0,0,0.0
Christian Walton,ENG,GK,27,Ipswich Town,EFL,1,0,1,0.0,0,0.0,1,1,100.0,0,0,0,1,0.0,0,0,0,0,0.0
Christopher Brady,USA,GK,18,Fire,MLS,30,30,"2,639",29.3,44,1.5,134,92,73.9,10,9,11,8,26.7,10,9,0,1,0.0
Churripi,ESP,GK,30,Burgos,Segunda Division,41,41,"3,690",41.0,53,1.29,163,110,71.8,16,10,15,14,34.1,8,7,0,1,0.0
Clint Irwin,USA,GK,33,Minnesota Utd,MLS,4,4,360,4.0,8,2.0,22,14,68.2,1,2,1,0,0.0,1,1,0,0,0.0
Clément Diop,SEN,GK,29,Atlanta Utd,MLS,2,1,135,1.5,4,2.67,7,3,42.9,0,0,1,0,0.0,0,0,0,0,0.0
Conor Hazard,NIR,GK,25,Plymouth Argyle,EFL,27,27,"2,430",27.0,46,1.7,132,88,65.9,7,8,12,5,18.5,1,1,0,0,0.0
Cristian Álvarez,ARG,GK,38,Zaragoza,Segunda Division,13,13,"1,141",12.7,12,0.95,41,30,70.7,6,2,5,4,30.8,0,0,0,0,0.0
Dani Jiménez,ESP,GK,34,Leganés,Segunda Division,4,3,261,2.9,1,0.34,8,7,87.5,2,0,1,2,66.7,0,0,0,0,0.0
Daniel,BRA,GK,28,SJ Earthquakes,MLS,22,22,"1,945",21.6,28,1.3,112,83,77.7,5,11,6,5,22.7,5,3,1,1,25.0
Daniel Bachmann,AUT,GK,29,Watford,EFL,27,27,"2,429",27.0,32,1.19,106,74,70.8,6,12,9,11,40.7,3,1,2,0,66.7
Daniel Heuer Fernandes,POR,GK,30,Hamburger SV,2. Bundesliga,20,20,"1,800",20.0,27,1.35,83,56,68.7,11,4,5,8,40.0,2,1,1,0,50.0
Daniel Iversen,DEN,GK,26,Stoke City,EFL,18,18,"1,620",18.0,22,1.22,54,32,61.1,8,3,7,7,38.9,1,1,0,0,0.0
Daniel Martín,ESP,GK,25,FC Andorra,Segunda Division,16,16,"1,440",16.0,18,1.13,50,34,66.0,4,5,7,7,43.8,1,1,0,0,0.0
David Bingham,USA,GK,33,Portland Timbers,MLS,19,19,"1,710",19.0,29,1.53,77,48,64.9,8,5,6,5,26.3,2,2,0,0,0.0
David Cornell,WAL,GK,32,Preston,EFL,2,2,180,2.0,4,2.0,9,5,66.7,0,0,2,0,0.0,1,1,0,0,0.0
Davide Barosi,ITA,GK,23,Ascoli,Serie B,3,2,205,2.3,2,0.88,7,5,71.4,0,0,2,0,0.0,0,0,0,0,0.0
Dayne St. Clair,CAN,GK,25,Minnesota Utd,MLS,30,30,"2,700",30.0,43,1.43,133,91,67.7,9,9,12,8,26.7,0,0,0,0,0.0
Devis Vásquez,COL,GK,25,Sheffield Weds,EFL,9,9,810,9.0,16,1.78,38,22,68.4,0,2,7,1,11.1,4,4,0,0,0.0
Devis Vásquez,COL,GK,25,Ascoli,Serie B,10,9,827,9.2,8,0.87,32,24,75.0,2,4,3,5,55.6,0,0,0,0,0.0
Diego Conde,ESP,GK,25,Leganés,Segunda Division,40,39,"3,519",39.1,26,0.66,104,78,80.8,18,14,7,18,46.2,6,6,0,0,0.0
Diego Urtiaga,MEX,GK,24,Atlético,Liga MX,10,10,900,10.0,16,1.6,51,35,72.5,5,1,4,3,30.0,2,2,0,0,0.0
Dillon Phillips,ENG,GK,28,Rotherham Utd,EFL,2,2,179,2.0,4,2.01,10,6,70.0,1,0,1,0,0.0,1,1,0,0,0.0
Dominik Reimann,GER,GK,26,Magdeburg,2. Bundesliga,34,34,"3,060",34.0,54,1.59,173,120,71.7,9,11,14,9,26.5,5,5,0,0,0.0
Donovan Léon,GUF,GK,30,Auxerre,Ligue 2,37,37,"3,330",37.0,35,0.95,130,97,74.6,20,11,6,13,35.1,3,2,1,0,33.3
Doğan Alemdar,TUR,GK,20,Troyes,Ligue 2,35,35,"3,105",34.5,45,1.3,152,108,73.7,9,14,12,8,22.9,5,5,0,0,0.0
Drake Callender,USA,GK,25,Inter Miami,MLS,33,33,"2,970",33.0,53,1.61,171,121,69.6,9,7,17,5,15.2,1,1,0,0,0.0
Earl Edwards Jr.,USA,GK,31,NE Revolution,MLS,10,10,900,10.0,15,1.5,45,30,66.7,3,3,4,1,10.0,0,0,0,0,0.0
Edoardo Corvi,ITA,GK,22,Parma,Serie B,2,2,168,1.9,2,1.07,11,9,81.8,0,2,0,0,0.0,0,0,0,0,0.0
Eldin Jakupović,SUI,GK,38,LAFC,MLS,2,2,180,2.0,1,0.5,7,6,85.7,1,1,0,1,50.0,0,0,0,0,0.0
Elhan Kastrati,ALB,GK,26,Cittadella,Serie B,35,35,"3,150",35.0,44,1.26,145,102,73.1,11,11,13,10,28.6,5,5,0,0,0.0
Elliot Panicco,USA,GK,26,Nashville,MLS,2,2,180,2.0,1,0.5,9,8,88.9,0,2,0,1,50.0,0,0,0,0,0.0
Eloy Room,CUW,GK,33,Crew,MLS,3,3,270,3.0,3,1.0,10,7,70.0,1,1,1,1,33.3,0,0,0,0,0.0
Emiliano Viviano,ITA,GK,37,Ascoli,Serie B,27,27,"2,384",26.5,32,1.21,92,61,71.7,7,10,10,8,29.6,9,6,1,2,14.3
Enzo Basilio,FRA,GK,28,Guingamp,Ligue 2,38,38,"3,420",38.0,40,1.05,117,77,71.8,13,12,13,15,39.5,8,7,1,0,12.5
Enzo Crombez,FRA,GK,20,Rodez Aveyron,Ligue 2,2,1,116,1.3,3,2.33,7,5,57.1,0,0,1,0,0.0,0,0,0,0,0.0
Esteban Andrada,ARG,GK,32,Monterrey,Liga MX,32,32,"2,880",32.0,32,1.0,125,93,76.8,18,7,7,11,34.4,4,3,1,0,25.0
Esteban Salles,FRA,GK,29,US Concarneau,Ligue 2,38,38,"3,420",38.0,57,1.5,168,112,70.2,10,8,20,10,26.3,8,7,1,0,12.5
Ethan Horvath,USA,GK,28,Cardiff City,EFL,16,16,"1,440",16.0,29,1.81,76,47,64.5,7,1,8,4,25.0,3,2,0,1,0.0
Etienne Green,ENG,GK,23,Saint-Étienne,Ligue 2,6,6,540,6.0,11,1.83,21,10,52.4,1,0,5,1,16.7,1,1,0,0,0.0
Eugenio Lamanna,ITA,GK,33,Calcio Lecco 1912,Serie B,3,3,270,3.0,3,1.0,14,11,85.7,0,2,1,0,0.0,1,1,0,0,0.0
Ewen Jaouen,FRA,GK,17,Rodez Aveyron,Ligue 2,6,6,540,6.0,5,0.83,24,19,79.2,4,1,1,3,50.0,0,0,0,0,0.0
Ezequiel Unsain,ARG,GK,28,Necaxa,Liga MX,25,24,"2,205",24.5,41,1.67,114,75,66.7,9,7,8,6,25.0,3,3,0,0,0.0
Fernando Pacheco,ESP,GK,32,Espanyol,Segunda Division,28,28,"2,520",28.0,33,1.18,95,61,65.3,13,8,7,9,32.1,2,0,2,0,100.0
Fernando Tapia,MEX,GK,22,Querétaro,Liga MX,15,14,"1,276",14.2,23,1.62,79,55,74.7,4,4,6,3,21.4,4,3,1,0,25.0
Filip Stankovic,SRB,GK,21,Sampdoria,Serie B,37,37,"3,330",37.0,49,1.32,149,99,71.1,16,8,13,8,21.6,7,6,1,0,14.3
Filippo Vandelli,ITA,GK,22,Modena,Serie B,1,0,6,0.1,0,0.0,1,1,100.0,0,0,0,0,0.0,0,0,0,0,0.0
Florian Escales,FRA,GK,27,Annecy,Ligue 2,34,34,"3,014",33.5,40,1.19,122,82,68.0,11,9,14,10,29.4,2,1,1,0,50.0
Florian Kastenmeier,GER,GK,26,Düsseldorf,2. Bundesliga,33,33,"2,970",33.0,38,1.15,123,86,71.5,17,9,7,10,30.3,3,3,0,0,0.0
Florian Stritzel,GER,GK,29,Wehen,2. Bundesliga,34,34,"3,060",34.0,50,1.47,162,111,71.6,8,8,18,5,14.7,7,4,1,2,20.0
Francesco Bardi,ITA,GK,31,Reggiana,Serie B,30,30,"2,624",29.2,34,1.17,129,93,76.0,7,15,8,8,26.7,5,3,2,0,40.0
François-Joseph Sollacaro,FRA,GK,29,Ajaccio,Ligue 2,17,17,"1,529",17.0,20,1.18,53,34,66.0,7,2,8,5,29.4,2,2,0,0,0.0
Freddie Woodman,ENG,GK,26,Preston,EFL,44,44,"3,960",44.0,63,1.43,196,135,69.4,18,9,17,10,22.7,3,3,0,0,0.0
Gautier Larsonneur,FRA,GK,26,Saint-Étienne,Ligue 2,32,32,"2,880",32.0,20,0.62,108,86,86.1,18,8,6,18,56.3,7,5,2,0,28.6
Gavin Bazunu,IRL,GK,21,Southampton,EFL,41,41,"3,690",41.0,54,1.32,143,89,63.6,24,9,8,11,26.8,3,2,0,1,0.0
Gavin Beavers,USA,GK,17,RSL,MLS,7,6,585,6.5,14,2.15,27,13,55.6,2,1,3,0,0.0,2,2,0,0,0.0
Gaëtan Poussin,FRA,GK,25,Zaragoza,Segunda Division,4,2,209,2.3,5,2.15,8,3,37.5,0,1,1,1,50.0,0,0,0,0,0.0
George Long,ENG,GK,29,Norwich City,EFL,7,6,600,6.7,16,2.4,44,29,65.9,2,0,4,1,16.7,1,1,0,0,0.0
George Marks,USA,GK,23,Charlotte,MLS,7,7,630,7.0,12,1.71,41,29,73.2,2,3,2,1,14.3,1,1,0,0,0.0
Giacomo Drago,ITA,GK,22,Südtirol,Serie B,1,1,90,1.0,1,1.0,4,3,75.0,0,0,1,0,0.0,0,0,0,0,0.0
Giacomo Poluzzi,ITA,GK,35,Südtirol,Serie B,37,37,"3,330",37.0,47,1.27,133,86,68.4,12,11,14,10,27.0,6,5,1,0,16.7
Giacomo Satalino,ITA,GK,24,Reggiana,Serie B,9,8,796,8.8,11,1.24,39,28,74.4,3,2,3,3,37.5,1,1,0,0,0.0
Gianluca Saro,ITA,GK,23,Cremonese,Serie B,8,8,720,8.0,7,0.87,30,23,76.7,3,3,2,3,37.5,0,0,0,0,0.0
Gibran Lajud,MEX,GK,29,Santos,Liga MX,9,9,810,9.0,19,2.11,48,29,64.6,3,2,4,1,11.1,2,2,0,0,0.0
Greg Ranjitsingh,TRI,GK,29,Toronto FC,MLS,4,4,360,4.0,10,2.5,24,14,58.3,0,0,4,0,0.0,0,0,0,0,0.0
Guillermo Allison,MEX,GK,32,Querétaro,Liga MX,20,20,"1,784",19.8,27,1.36,111,84,78.4,7,6,7,5,25.0,4,3,1,0,25.0
Hugo González Durán,MEX,GK,32,Mazatlán,Liga MX,29,29,"2,548",28.3,48,1.7,143,94,67.1,9,6,14,6,20.7,5,1,2,2,66.7
Héctor Holguín,MEX,GK,22,Santos,Liga MX,4,2,245,2.7,5,1.84,16,10,68.8,1,0,1,0,0.0,1,0,1,0,100.0
Ian Mackay,ESP,GK,37,Eldense,Segunda Division,7,7,630,7.0,6,0.86,28,23,78.6,2,2,3,2,28.6,0,0,0,0,0.0
Iker Álvarez,AND,GK,22,Villarreal B,Segunda Division,32,32,"2,880",32.0,43,1.34,131,89,71.8,11,6,15,8,25.0,8,6,1,1,14.3
Illan Meslier,FRA,GK,23,Leeds United,EFL,44,44,"3,922",43.6,40,0.92,121,83,67.8,26,9,9,18,40.9,1,1,0,0,0.0
Ivan Filipović,CRO,GK,28,Paris FC,Ligue 2,9,8,765,8.5,12,1.41,33,21,63.6,2,0,6,2,25.0,0,0,0,0,0.0
J.T. Marcinkowski,USA,GK,25,SJ Earthquakes,MLS,13,12,"1,112",12.4,15,1.21,53,38,75.5,5,3,4,4,33.3,2,2,0,0,0.0
Jack Bonham,IRL,GK,29,Stoke City,EFL,14,14,"1,260",14.0,19,1.36,59,41,72.9,2,7,5,5,35.7,3,3,0,0,0.0
Jacob Chapman,AUS,GK,22,Huddersfield,EFL,2,1,139,1.5,2,1.29,4,1,50.0,0,0,1,1,100.0,1,0,1,0,100.0
Jacob Jackson,USA,GK,22,NE Revolution,MLS,2,2,180,2.0,4,2.0,13,9,69.2,1,0,1,0,0.0,0,0,0,0,0.0
Jak Alnwick,ENG,GK,30,Cardiff City,EFL,24,24,"2,160",24.0,33,1.37,95,63,65.3,10,4,10,7,29.2,1,0,0,1,0.0
Jakub Stolarczyk,POL,GK,22,Leicester City,EFL,2,2,180,2.0,0,0.0,4,4,100.0,2,0,0,2,100.0,0,0,0,0,0.0
James Beadle,ENG,GK,19,Sheffield Weds,EFL,19,19,"1,710",19.0,24,1.26,75,52,68.0,9,4,6,8,42.1,1,0,0,1,0.0
James Pantemis,CAN,GK,25,CF Montréal,MLS,2,2,172,1.9,5,2.62,12,7,58.3,0,0,2,0,0.0,0,0,0,0,0.0
Jan Reichert,GER,GK,22,Nürnberg,2. Bundesliga,1,1,90,1.0,4,4.0,5,1,40.0,0,0,1,0,0.0,1,1,0,0,0.0
Jannik Huth,GER,GK,29,Paderborn 07,2. Bundesliga,14,14,"1,260",14.0,27,1.93,75,48,64.0,5,3,6,1,7.1,0,0,0,0,0.0
Jean Louchet,FRA,GK,26,Valenciennes,Ligue 2,31,31,"2,790",31.0,44,1.42,153,110,73.2,5,10,16,10,32.3,3,3,0,0,0.0
Jeroen Zoet,NED,GK,32,Spezia,Serie B,25,25,"2,250",25.0,29,1.16,100,71,74.0,8,11,6,7,28.0,4,3,1,0,25.0
Jesse Joronen,FIN,GK,30,Venezia,Serie B,29,29,"2,610",29.0,36,1.24,107,71,69.2,15,7,7,10,34.5,4,3,1,0,25.0
Jesús Rodríguez,MEX,GK,30,Puebla,Liga MX,34,34,"3,060",34.0,68,2.0,194,126,68.0,8,6,20,3,8.8,7,6,1,0,14.3
Jesús Ruiz,ESP,GK,27,Alcorcón,Segunda Division,29,29,"2,610",29.0,41,1.41,138,96,73.2,6,10,13,7,24.1,5,4,1,0,20.0
Jimmy Maurer,USA,GK,34,FC Dallas,MLS,5,4,435,4.8,8,1.66,21,13,61.9,0,3,1,0,0.0,0,0,0,0,0.0
Joan Femenías,ESP,GK,27,Levante,Segunda Division,9,9,810,9.0,16,1.78,40,24,67.5,2,4,3,2,22.2,3,3,0,0,0.0
Joan García,ESP,GK,23,Espanyol,Segunda Division,14,14,"1,260",14.0,7,0.5,40,33,82.5,4,10,0,8,57.1,0,0,0,0,0.0
Joe Bendik,USA,GK,33,Philadelphia,MLS,8,7,688,7.6,13,1.7,27,15,55.6,2,1,4,2,28.6,1,1,0,0,0.0
Joe Walsh,ENG,GK,21,QPR,EFL,1,1,90,1.0,1,1.0,6,5,83.3,1,0,0,0,0.0,0,0,0,0,0.0
Joe Willis,USA,GK,34,Nashville,MLS,32,32,"2,880",32.0,31,0.97,128,98,79.7,13,8,11,10,31.3,5,5,0,0,0.0
John,BRA,GK,28,Valladolid,Segunda Division,11,11,990,11.0,14,1.27,43,29,69.8,6,1,4,5,45.5,2,1,0,1,0.0
John McCarthy,USA,GK,30,LAFC,MLS,25,25,"2,250",25.0,31,1.24,98,67,71.4,10,6,9,8,32.0,3,3,0,0,0.0
John Pulskamp,USA,GK,21,Sporting KC,MLS,5,5,450,5.0,7,1.4,20,13,65.0,0,2,3,2,40.0,0,0,0,0,0.0
John Ruddy,ENG,GK,36,Birmingham City,EFL,44,44,"3,960",44.0,62,1.41,210,150,70.5,13,11,20,11,25.0,0,0,0,0,0.0
Johny Placide,HAI,GK,35,Bastia,Ligue 2,32,32,"2,879",32.0,36,1.13,130,93,74.6,12,8,12,12,37.5,4,3,1,0,25.0
Jokin Ezkieta,ESP,GK,27,Racing Sant,Segunda Division,42,42,"3,780",42.0,55,1.31,187,134,72.7,18,10,14,12,28.6,4,4,0,0,0.0
Jon Mikel Magunagoitia,ESP,GK,23,Amorebieta,Segunda Division,16,16,"1,440",16.0,24,1.5,93,68,75.3,7,3,6,5,31.3,2,1,1,0,50.0
Jonas Urbig,GER,GK,19,Greuther Fürth,2. Bundesliga,33,33,"2,969",33.0,48,1.46,149,100,69.1,14,7,12,10,30.3,4,2,1,1,33.3
Jonathan Bond,ENG,GK,29,LA Galaxy,MLS,24,24,"2,049",22.8,46,2.02,122,78,63.9,6,10,8,4,16.7,2,2,0,0,0.0
Jonathan Klinsmann,USA,GK,25,LA Galaxy,MLS,10,8,831,9.2,15,1.62,37,22,64.9,2,1,5,2,25.0,2,2,0,0,0.0
Jonathan Sirois,CAN,GK,21,CF Montréal,MLS,33,32,"2,888",32.1,47,1.46,141,97,68.8,12,5,15,11,34.4,3,3,0,0,0.0
Jordi Masip,ESP,GK,35,Valladolid,Segunda Division,31,31,"2,790",31.0,22,0.71,100,77,78.0,15,8,8,15,48.4,1,0,1,0,100.0
José Antonio Rodríguez,MEX,GK,31,Tijuana,Liga MX,28,28,"2,475",27.5,46,1.67,138,92,68.1,7,7,14,3,10.7,4,2,1,1,33.3
José Corona,MEX,GK,42,Tijuana,Liga MX,7,6,585,6.5,10,1.54,33,23,72.7,1,3,2,1,16.7,1,1,0,0,0.0
José Eulogio,MEX,GK,19,Pachuca,Liga MX,2,2,180,2.0,4,2.0,8,4,50.0,1,0,1,0,0.0,0,0,0,0,0.0
José Rangel Aguilar,MEX,GK,23,Guadalajara,Liga MX,19,19,"1,635",18.2,18,0.99,72,54,79.2,10,5,4,6,31.6,4,3,0,1,0.0
Juan Pérez,ESP,GK,27,Huesca,Segunda Division,1,1,87,1.0,0,0.0,4,4,0.0,0,1,0,0,0.0,0,0,0,0,0.0
Juan Soriano,ESP,GK,26,Tenerife,Segunda Division,40,39,"3,530",39.2,38,0.97,141,102,77.3,14,10,15,16,41.0,7,6,1,0,14.3
Julian Krahl,GER,GK,23,Kaiserslautern,2. Bundesliga,30,29,"2,660",29.6,54,1.83,151,97,68.9,11,6,12,2,6.9,7,7,0,0,0.0
Julien Fabri,FRA,GK,29,Bastia,Ligue 2,4,4,360,4.0,9,2.25,21,12,66.7,2,0,2,0,0.0,2,2,0,0,0.0
Julio José González,MEX,GK,32,UNAM,Liga MX,34,34,"3,060",34.0,40,1.18,137,97,76.6,15,10,9,12,35.3,10,8,2,0,20.0
Justin Heekeren,GER,GK,22,Schalke 04,2. Bundesliga,2,2,180,2.0,4,2.0,9,5,55.6,0,0,2,0,0.0,0,0,0,0,0.0
Karl Darlow,ENG,GK,32,Leeds United,EFL,2,1,126,1.4,3,2.14,5,2,40.0,0,0,1,0,0.0,0,0,0,0,0.0
Karl-Johan Johnsson,SWE,GK,33,Bordeaux,Ligue 2,22,22,"1,980",22.0,33,1.5,103,70,69.9,9,5,8,7,31.8,3,2,1,0,33.3
Karol Niemczycki,POL,GK,24,Düsseldorf,2. Bundesliga,1,1,90,1.0,2,2.0,7,5,71.4,1,0,0,0,0.0,0,0,0,0,0.0
Kayne Bonnevie,FRA,GK,22,Quevilly-Rouen,Ligue 2,2,2,180,2.0,4,2.0,8,4,50.0,1,1,0,0,0.0,0,0,0,0,0.0
Kendall McIntosh,USA,GK,29,Sporting KC,MLS,14,13,"1,192",13.2,20,1.51,58,38,69.0,4,5,4,2,15.4,2,2,0,0,0.0
Kevin Mier,COL,GK,23,Cruz Azul,Liga MX,17,17,"1,530",17.0,14,0.82,44,30,70.5,10,3,4,8,47.1,3,1,0,2,0.0
Kristijan Kahlina,CRO,GK,30,Charlotte,MLS,24,24,"2,160",24.0,33,1.37,110,78,74.5,8,10,6,6,25.0,5,5,0,0,0.0
Kristoffer Klaesson,NOR,GK,22,Leeds United,EFL,1,1,90,1.0,0,0.0,1,1,100.0,1,0,0,1,100.0,0,0,0,0,0.0
Lassana Diabaté,MLI,GK,19,Valenciennes,Ligue 2,7,7,630,7.0,11,1.57,37,25,73.0,1,1,5,0,0.0,3,1,1,1,50.0
Leandro Chichizola,ARG,GK,33,Parma,Serie B,37,36,"3,252",36.1,33,0.91,106,73,69.8,21,11,4,13,36.1,2,1,0,1,0.0
Lee Nicholls,ENG,GK,30,Huddersfield,EFL,37,37,"3,305",36.7,64,1.74,162,100,62.3,7,15,15,7,18.9,3,3,0,0,0.0
Lennart Grill,GER,GK,24,Osnabrück,2. Bundesliga,15,15,"1,350",15.0,37,2.47,97,57,63.9,1,4,10,0,0.0,6,2,4,0,66.7
Leon Schaffran,GER,GK,25,Greuther Fürth,2. Bundesliga,1,0,1,0.0,0,0.0,0,0,0.0,0,0,0,1,0.0,0,0,0,0,0.0
Leonardo Loria,ITA,GK,24,Pisa,Serie B,7,7,630,7.0,12,1.71,26,14,57.7,3,2,2,2,28.6,1,1,0,0,0.0
Leonardo Marson,ITA,GK,25,Cosenza,Serie B,2,1,124,1.4,1,0.73,6,5,100.0,1,0,0,1,100.0,1,1,0,0,0.0
Leonardo Román,ESP,GK,23,Oviedo,Segunda Division,42,42,"3,780",42.0,39,0.93,153,114,79.1,17,13,12,14,33.3,7,7,0,0,0.0
Leopold Wahlstedt,SWE,GK,24,Blackburn,EFL,21,20,"1,829",20.3,36,1.77,106,71,67.0,7,3,10,3,15.0,2,1,0,1,0.0
Lionel Mpasi,COD,GK,28,Rodez Aveyron,Ligue 2,18,18,"1,618",18.0,25,1.39,69,44,66.7,7,6,5,2,11.1,2,2,0,0,0.0
Loic Badiashile,FRA,GK,26,Burgos,Segunda Division,1,1,90,1.0,1,1.0,5,4,80.0,0,1,0,0,0.0,0,0,0,0,0.0
Lorenzo Andrenacci,ITA,GK,28,Brescia,Serie B,9,9,765,8.5,9,1.06,27,18,70.4,3,3,3,1,11.1,1,1,0,0,0.0
Luca Böggemann,GER,GK,19,Osnabrück,2. Bundesliga,1,0,7,0.1,0,0.0,0,0,0.0,0,0,0,0,0.0,0,0,0,0,0.0
Luca Lezzerini,ITA,GK,28,Brescia,Serie B,25,25,"2,250",25.0,25,1.0,90,63,73.3,8,10,7,7,28.0,4,1,2,1,66.7
Luca Maniero,ITA,GK,28,Cittadella,Serie B,3,3,270,3.0,3,1.0,14,11,78.6,0,2,1,1,33.3,0,0,0,0,0.0
Luca Zidane,FRA,GK,26,Eibar,Segunda Division,42,42,"3,780",42.0,48,1.14,155,108,74.8,21,8,13,12,28.6,10,9,1,0,10.0
Lucas Anacker,BRA,GK,27,Alcorcón,Segunda Division,13,13,"1,170",13.0,12,0.92,44,32,77.3,4,4,5,5,38.5,2,2,0,0,0.0
Luis Barraza,USA,GK,26,NYCFC,MLS,24,24,"2,160",24.0,31,1.29,92,62,68.5,5,10,9,4,16.7,2,2,0,0,0.0
Luis Cárdenas,MEX,GK,29,Monterrey,Liga MX,2,2,180,2.0,2,1.0,11,9,81.8,1,1,0,1,50.0,0,0,0,0,0.0
Luis López,ESP,GK,23,CD Mirandés,Segunda Division,7,7,630,7.0,11,1.57,29,18,62.1,2,1,4,2,28.6,0,0,0,0,0.0
Luis Ángel Malagón,MEX,GK,26,América,Liga MX,29,29,"2,565",28.5,22,0.77,90,68,76.7,18,9,2,13,44.8,1,1,0,0,0.0
Luka Gavran,CAN,GK,22,Toronto FC,MLS,4,4,360,4.0,12,3.0,32,19,68.8,0,0,4,0,0.0,3,2,1,0,33.3
Maarten Paes,NED,GK,24,FC Dallas,MLS,30,30,"2,621",29.1,29,1.0,119,93,76.5,11,10,9,7,23.3,3,1,1,1,50.0
Mads Hermansen,DEN,GK,23,Leicester City,EFL,44,44,"3,960",44.0,41,0.93,154,113,73.4,29,4,11,13,29.5,1,0,1,0,100.0
Mamadou Samassa,MLI,GK,33,Stade Laval,Ligue 2,36,36,"3,240",36.0,44,1.22,133,91,70.7,14,9,13,12,33.3,6,5,0,1,0.0
Marc Martínez,ESP,GK,34,Cartagena,Segunda Division,21,21,"1,890",21.0,30,1.43,86,57,70.9,5,6,10,3,14.3,5,5,0,0,0.0
Marcel Engelhardt,GER,GK,30,Holstein Kiel,2. Bundesliga,1,1,90,1.0,1,1.0,6,5,83.3,1,0,0,0,0.0,0,0,0,0,0.0
Marco Pissardo,ITA,GK,25,Bari,Serie B,6,5,481,5.3,9,1.68,22,13,59.1,1,2,2,1,20.0,0,0,0,0,0.0
Marius Gersbeck,GER,GK,28,Hertha BSC,2. Bundesliga,4,4,360,4.0,9,2.25,24,15,62.5,2,1,1,0,0.0,0,0,0,0,0.0
Marius Müller,GER,GK,30,Schalke 04,2. Bundesliga,21,21,"1,844",20.5,30,1.46,99,70,72.7,8,6,7,6,28.6,3,3,0,0,0.0
Mark Travers,IRL,GK,24,Stoke City,EFL,13,13,"1,170",13.0,18,1.38,64,46,73.4,5,1,7,2,15.4,2,1,0,1,0.0
Marko Ilić,SRB,GK,24,Rapids,MLS,13,13,"1,170",13.0,28,2.15,69,41,60.9,2,3,8,2,15.4,1,1,0,0,0.0
Markus Kolke,GER,GK,32,Hansa Rostock,2. Bundesliga,33,33,"2,942",32.7,52,1.59,166,115,70.5,9,4,20,6,18.2,4,3,1,0,25.0
Mason Stajduhar,USA,GK,25,Orlando City,MLS,4,4,360,4.0,6,1.5,18,12,66.7,2,1,1,1,25.0,0,0,0,0,0.0
Matheo Raab,GER,GK,24,Hamburger SV,2. Bundesliga,14,14,"1,260",14.0,17,1.21,51,35,72.5,6,3,5,4,28.6,3,3,0,0,0.0
Mathieu Michel,FRA,GK,31,Ajaccio,Ligue 2,21,21,"1,890",21.0,26,1.24,61,36,59.0,5,8,8,8,38.1,2,1,0,1,0.0
Matija Šarkić,MNE,GK,26,Millwall,EFL,32,32,"2,880",32.0,34,1.06,104,69,71.2,13,6,13,12,37.5,6,4,2,0,33.3
Matt Freese,USA,GK,24,NYCFC,MLS,10,10,900,10.0,8,0.8,37,29,83.8,4,4,2,5,50.0,2,2,0,0,0.0
Matt Ingram,ENG,GK,29,Hull City,EFL,10,9,819,9.1,14,1.54,29,15,51.7,4,2,3,1,11.1,0,0,0,0,0.0
Matías Dituro,ARG,GK,37,Elche,Segunda Division,21,21,"1,890",21.0,24,1.14,71,47,67.6,8,5,8,8,38.1,1,1,0,0,0.0
Mauro Vigorito,ITA,GK,33,Como,Serie B,1,0,22,0.2,0,0.0,1,1,100.0,0,0,0,1,0.0,0,0,0,0,0.0
Max O'Leary,IRL,GK,26,Bristol City,EFL,46,46,"4,140",46.0,51,1.11,188,138,75.0,17,11,18,13,28.3,5,4,1,0,20.0
Max Weiß,GER,GK,19,Karlsruher,2. Bundesliga,2,2,180,2.0,2,1.0,9,7,77.8,1,0,1,1,50.0,0,0,0,0,0.0
Maxime Crépeau,CAN,GK,28,LAFC,MLS,7,7,630,7.0,7,1.0,17,10,58.8,3,3,1,2,28.6,2,0,1,1,100.0
Maxime Hautbois,FRA,GK,32,Stade Laval,Ligue 2,2,2,180,2.0,1,0.5,4,3,100.0,1,1,0,1,50.0,1,1,0,0,0.0
Mehdi Jeannin,ALG,GK,32,Pau FC,Ligue 2,2,2,180,2.0,2,1.0,7,5,71.4,0,2,0,1,50.0,0,0,0,0,0.0
Melvin Zinga,FRA,GK,21,Angers,Ligue 2,5,5,450,5.0,7,1.4,17,10,64.7,2,0,3,0,0.0,1,1,0,0,0.0
Michael Cooper,ENG,GK,23,Plymouth Argyle,EFL,19,19,"1,710",19.0,24,1.26,84,61,72.6,6,4,9,6,31.6,2,1,1,0,50.0
Michael Langer,AUT,GK,38,Schalke 04,2. Bundesliga,3,2,226,2.5,7,2.79,15,8,66.7,0,0,2,0,0.0,2,2,0,0,0.0
Michele Avella,ITA,GK,23,Brescia,Serie B,5,4,405,4.5,6,1.33,27,20,85.2,1,2,1,1,25.0,3,2,1,0,33.3
Miguel Jiménez Ponce,MEX,GK,33,Guadalajara,Liga MX,16,15,"1,425",15.8,21,1.33,68,46,75.0,7,2,6,5,33.3,5,4,1,0,20.0
Mirko Pigliacelli,ITA,GK,30,Palermo,Serie B,36,36,"3,240",36.0,51,1.42,153,102,68.0,14,10,12,9,25.0,3,2,1,0,33.3
Mohamed Koné,CIV,GK,21,Dunkerque,Ligue 2,15,14,"1,329",14.8,17,1.15,65,48,75.4,6,4,4,4,28.6,2,1,1,0,50.0
Morro,ESP,GK,23,Villarreal B,Segunda Division,9,9,810,9.0,16,1.78,43,28,69.8,0,4,5,1,11.1,3,3,0,0,0.0
Mouhamadou Sarr,SEN,GK,26,Cremonese,Serie B,12,12,"1,080",12.0,12,1.0,45,33,75.6,5,4,3,3,25.0,2,1,1,0,50.0
Nahuel Guzmán,ARG,GK,37,UANL,Liga MX,24,24,"2,160",24.0,27,1.13,101,76,75.2,10,8,6,7,29.2,2,2,0,0,0.0
Nathan Bishop,ENG,GK,23,Sunderland,EFL,1,1,90,1.0,2,2.0,2,0,0.0,0,0,1,0,0.0,0,0,0,0,0.0
Neil Etheridge,PHI,GK,33,Birmingham City,EFL,2,2,180,2.0,3,1.5,5,2,40.0,0,0,2,0,0.0,0,0,0,0,0.0
Nico Ratti,ITA,GK,30,FC Andorra,Segunda Division,26,26,"2,340",26.0,35,1.35,110,75,69.1,7,5,14,7,26.9,1,1,0,0,0.0
Nicola Ravaglia,ITA,GK,34,Sampdoria,Serie B,1,1,90,1.0,1,1.0,4,3,75.0,0,1,0,0,0.0,0,0,0,0,0.0
Nicolas Kristof,GER,GK,23,Elversberg,2. Bundesliga,33,33,"2,970",33.0,60,1.82,169,109,68.6,12,7,14,4,12.1,7,7,0,0,0.0
Nicolas Lemaître,FRA,GK,26,Troyes,Ligue 2,4,3,315,3.5,5,1.43,14,10,64.3,0,0,3,1,33.3,0,0,0,0,0.0
Nikola Vasilj,BIH,GK,27,St. Pauli,2. Bundesliga,34,34,"3,060",34.0,36,1.06,114,77,71.1,20,9,5,10,29.4,4,3,1,0,25.0
Nils-Jonathan Körber,GER,GK,26,Hansa Rostock,2. Bundesliga,2,1,115,1.3,5,3.91,10,5,50.0,0,0,1,0,0.0,0,0,0,0,0.0
Novak Mićović,SRB,GK,21,LA Galaxy,MLS,2,2,180,2.0,6,3.0,12,6,50.0,0,1,1,0,0.0,0,0,0,0,0.0
Nícolas Andrade,BRA,GK,35,Pisa,Serie B,31,31,"2,790",31.0,42,1.35,120,79,69.2,8,11,12,7,22.6,5,5,0,0,0.0
Obed Nkambadio,FRA,GK,20,Paris FC,Ligue 2,30,30,"2,655",29.5,30,1.02,100,70,72.0,14,11,5,9,30.0,3,2,1,0,33.3
Oliver Christensen,DEN,GK,24,Hertha BSC,2. Bundesliga,2,2,180,2.0,2,1.0,7,5,71.4,0,0,2,0,0.0,0,0,0,0,0.0
Oscar Jiménez,MEX,GK,34,América,Liga MX,6,5,495,5.5,4,0.73,26,22,84.6,4,0,1,3,60.0,0,0,0,0,0.0
Pablo Cuñat,ESP,GK,22,Amorebieta,Segunda Division,26,26,"2,340",26.0,29,1.12,107,79,76.6,4,9,13,7,26.9,5,4,1,0,20.0
Pablo Sisniega,MEX,GK,27,Charlotte,MLS,3,3,270,3.0,7,2.33,15,9,60.0,0,0,3,0,0.0,1,1,0,0,0.0
Patrick Drewes,GER,GK,30,Karlsruher,2. Bundesliga,32,32,"2,880",32.0,46,1.44,160,114,72.5,14,10,8,7,21.9,3,2,1,0,33.3
Patrick Schulte,USA,GK,21,Crew,MLS,31,31,"2,790",31.0,43,1.39,132,90,69.7,15,8,8,7,22.6,4,3,0,1,0.0
Pedro Gallese,PER,GK,32,Orlando City,MLS,30,30,"2,700",30.0,33,1.1,110,77,71.8,16,8,6,10,33.3,3,2,1,0,33.3
Pelle Boevink,NED,GK,25,Paderborn 07,2. Bundesliga,20,20,"1,800",20.0,27,1.35,73,46,67.1,10,4,6,6,30.0,5,3,1,1,25.0
Philipp Kühn,GER,GK,30,Osnabrück,2. Bundesliga,19,19,"1,703",18.9,32,1.69,102,70,70.6,5,6,8,6,31.6,2,2,0,0,0.0
Quentin Westberg,USA,GK,36,Atlanta Utd,MLS,6,6,495,5.5,10,1.82,19,10,57.9,2,2,2,1,16.7,2,2,0,0,0.0
Rafał Strączek,POL,GK,24,Bordeaux,Ligue 2,16,16,"1,440",16.0,19,1.19,55,35,67.3,5,4,7,6,37.5,2,1,1,0,50.0
Ralf Fährmann,GER,GK,34,Schalke 04,2. Bundesliga,9,9,810,9.0,19,2.11,38,20,52.6,4,1,4,2,22.2,1,1,0,0,0.0
Ramón,ESP,GK,24,CD Mirandés,Segunda Division,35,35,"3,150",35.0,44,1.26,135,91,69.6,10,12,13,10,28.6,3,3,0,0,0.0
Ramón Pasquel,MEX,GK,27,FC Juárez,Liga MX,1,0,60,0.7,1,1.5,2,1,100.0,0,0,0,0,0.0,1,1,0,0,0.0
Raúl Gudiño,MEX,GK,27,Necaxa,Liga MX,10,10,855,9.5,15,1.58,41,30,65.9,1,5,4,1,10.0,1,1,0,0,0.0
Raúl Lizoain,ESP,GK,33,Cartagena,Segunda Division,19,19,"1,710",19.0,16,0.84,79,63,79.7,9,3,7,9,47.4,0,0,0,0,0.0
Rebollo,ESP,GK,24,Zaragoza,Segunda Division,9,9,810,9.0,10,1.11,29,19,65.5,1,5,3,2,22.2,1,0,0,1,0.0
Ricardo Gutiérrez,MEX,GK,26,Mazatlán,Liga MX,7,5,512,5.7,11,1.93,31,21,71.0,1,2,2,1,20.0,2,2,0,0,0.0
Riccardo Gagno,ITA,GK,26,Modena,Serie B,22,22,"1,927",21.4,24,1.12,67,43,67.2,6,8,8,8,36.4,3,2,1,0,33.3
Riccardo Melgrati,ITA,GK,29,Calcio Lecco 1912,Serie B,23,23,"2,025",22.5,50,2.22,129,79,65.1,5,4,14,2,8.7,5,5,0,0,0.0
Robert Kwasigroch,GER,GK,19,Hertha BSC,2. Bundesliga,1,1,90,1.0,0,0.0,3,3,100.0,1,0,0,1,100.0,0,0,0,0,0.0
Robin Himmelmann,GER,GK,34,Kaiserslautern,2. Bundesliga,3,3,270,3.0,7,2.33,12,5,41.7,0,0,3,0,0.0,0,0,0,0,0.0
Rodolfo Cota,MEX,GK,36,León,Liga MX,32,32,"2,880",32.0,45,1.41,127,83,69.3,12,8,12,7,21.9,6,6,0,0,0.0
Roman Bürki,SUI,GK,32,St. Louis,MLS,33,33,"2,970",33.0,42,1.27,163,123,78.5,17,5,11,8,24.2,7,7,0,0,0.0
Roman Celentano,USA,GK,22,FC Cincinnati,MLS,33,33,"2,970",33.0,37,1.12,121,86,73.6,20,9,4,12,36.4,5,5,0,0,0.0
Ron-Robert Zieler,GER,GK,34,Hannover 96,2. Bundesliga,34,34,"3,060",34.0,44,1.29,147,105,72.8,13,13,8,7,20.6,4,4,0,0,0.0
Ron-Thorben Hoffmann,GER,GK,24,Braunschweig,2. Bundesliga,33,33,"2,970",33.0,52,1.58,153,101,70.6,11,5,17,7,21.2,9,7,1,1,12.5
Rubén Gómez,ESP,GK,22,Villarreal B,Segunda Division,1,1,90,1.0,3,3.0,6,3,50.0,0,0,1,0,0.0,0,0,0,0,0.0
Rubén Yáñez,ESP,GK,30,Sporting Gijón,Segunda Division,38,38,"3,408",37.9,39,1.03,131,91,71.8,16,10,12,16,42.1,4,2,2,0,50.0
Ryan Allsop,ENG,GK,31,Hull City,EFL,37,37,"3,321",36.9,46,1.25,146,100,70.5,15,11,11,10,27.0,3,3,0,0,0.0
Régis Gurtner,FRA,GK,36,Amiens,Ligue 2,35,35,"3,150",35.0,32,0.91,134,102,79.9,11,16,8,15,42.9,5,5,0,0,0.0
Rúnar Alex Rúnarsson,ISL,GK,28,Cardiff City,EFL,6,6,540,6.0,8,1.33,24,16,66.7,2,0,4,1,16.7,0,0,0,0,0.0
San Román,ESP,GK,26,Elche,Segunda Division,14,14,"1,260",14.0,13,0.93,46,33,71.7,6,4,4,6,42.9,0,0,0,0,0.0
Sean Johnson,USA,GK,33,Toronto FC,MLS,20,20,"1,800",20.0,24,1.2,75,52,68.0,3,10,7,6,30.0,0,0,0,0,0.0
Sebastiano Desplanches,ITA,GK,20,Palermo,Serie B,2,2,180,2.0,2,1.0,6,4,66.7,1,1,0,1,50.0,0,0,0,0,0.0
Sebastián Jurado,MEX,GK,25,FC Juárez,Liga MX,13,13,"1,170",13.0,19,1.46,59,40,67.8,1,4,8,2,15.4,1,0,1,0,100.0
Sebastián Jurado,MEX,GK,25,Cruz Azul,Liga MX,4,4,308,3.4,7,2.05,12,5,50.0,1,0,3,0,0.0,1,1,0,0,0.0
Semuel Pizzignacco,ITA,GK,21,FeralpiSalò,Serie B,38,38,"3,420",38.0,65,1.71,167,102,65.9,8,9,21,4,10.5,9,8,1,0,11.1
Seny Dieng,SEN,GK,28,Middlesbrough,EFL,35,35,"3,149",35.0,47,1.34,129,84,65.9,16,7,12,10,28.6,3,3,0,0,0.0
Spencer Richey,USA,GK,30,Fire,MLS,5,4,421,4.7,7,1.5,17,10,64.7,0,1,3,1,25.0,1,1,0,0,0.0
Stefan Cleveland,USA,GK,28,Seattle,MLS,2,2,180,2.0,4,2.0,8,4,62.5,1,0,1,0,0.0,1,1,0,0,0.0
Stefan Frei,SUI,GK,36,Seattle,MLS,32,32,"2,880",32.0,28,0.87,103,77,72.8,13,11,8,14,43.8,0,0,0,0,0.0
Steve Clark,USA,GK,36,Dynamo FC,MLS,33,33,"2,970",33.0,38,1.15,121,84,73.6,14,8,11,12,36.4,6,6,0,0,0.0
Sébastien Cibois,FRA,GK,25,Rodez Aveyron,Ligue 2,13,13,"1,144",12.7,18,1.42,53,35,67.9,5,5,3,3,23.1,2,1,0,1,0.0
Thomas Callens,FRA,GK,24,Annecy,Ligue 2,6,4,406,4.5,10,2.22,24,14,62.5,1,1,2,0,0.0,2,1,1,0,50.0
Thomas Dähne,GER,GK,29,Holstein Kiel,2. Bundesliga,3,3,270,3.0,5,1.67,12,7,58.3,2,0,1,1,33.3,0,0,0,0,0.0
Thomas Hasal,CAN,GK,23,Vancouver W'caps,MLS,1,1,90,1.0,3,3.0,7,5,57.1,0,0,1,0,0.0,0,0,0,0,0.0
Théo De Percin,MTQ,GK,22,Auxerre,Ligue 2,1,1,90,1.0,1,1.0,3,2,66.7,1,0,0,0,0.0,0,0,0,0,0.0
Tiago Volpi,BRA,GK,32,Toluca,Liga MX,34,34,"3,060",34.0,42,1.24,147,105,72.8,14,11,9,9,26.5,2,2,0,0,0.0
Tim Boss,GER,GK,30,Elversberg,2. Bundesliga,1,1,90,1.0,3,3.0,7,4,57.1,0,0,1,0,0.0,0,0,0,0,0.0
Tim Melia,USA,GK,36,Sporting KC,MLS,16,16,"1,418",15.8,24,1.52,68,42,69.1,8,1,7,3,18.8,5,3,2,0,40.0
Timon Weiner,GER,GK,24,Holstein Kiel,2. Bundesliga,30,30,"2,700",30.0,33,1.1,132,97,77.3,18,5,7,14,46.7,5,3,2,0,40.0
Tino Casali,AUT,GK,27,Braunschweig,2. Bundesliga,1,1,90,1.0,1,1.0,4,3,75.0,0,0,1,0,0.0,0,0,0,0,0.0
Tjark Ernst,GER,GK,20,Hertha BSC,2. Bundesliga,27,27,"2,430",27.0,48,1.78,128,81,65.6,10,8,9,4,14.8,6,4,1,1,20.0
Tom Glover,AUS,GK,25,Middlesbrough,EFL,12,11,991,11.0,15,1.36,48,33,68.8,4,2,5,1,9.1,0,0,0,0,0.0
Tomas Romero,SLV,GK,22,Toronto FC,MLS,6,6,540,6.0,13,2.17,35,23,65.7,1,0,5,0,0.0,1,1,0,0,0.0
Tomeu Nadal,ESP,GK,35,Tenerife,Segunda Division,3,3,250,2.8,3,1.08,7,6,71.4,1,1,1,0,0.0,1,1,0,0,0.0
Tommaso Vitali,ITA,GK,23,Ternana,Serie B,6,6,540,6.0,6,1.0,30,24,83.3,3,1,2,3,50.0,1,1,0,0,0.0
Tommy Simkin,ENG,GK,18,Stoke City,EFL,1,1,90,1.0,1,1.0,2,1,50.0,0,0,1,0,0.0,0,0,0,0,0.0
Tomás Mejías,ESP,GK,35,Cartagena,Segunda Division,2,2,180,2.0,5,2.5,10,5,50.0,0,0,2,0,0.0,0,0,0,0,0.0
Tomáš Vaclík,CZE,GK,35,Albacete,Segunda Division,12,12,"1,080",12.0,14,1.17,52,36,76.9,5,3,4,4,33.3,4,2,2,0,50.0
Tyler Miller,USA,GK,29,D.C. United,MLS,25,25,"2,205",24.5,38,1.55,100,63,65.0,7,6,12,6,24.0,3,3,0,0,0.0
Umberto Saracco,ITA,GK,29,Calcio Lecco 1912,Serie B,13,12,"1,125",12.5,21,1.68,54,33,63.0,1,2,9,4,33.3,2,1,0,1,0.0
Vallejo,ESP,GK,29,Eldense,Segunda Division,11,11,990,11.0,21,1.91,48,28,60.4,2,2,7,1,9.1,2,2,0,0,0.0
Viktor Johansson,SWE,GK,24,Rotherham Utd,EFL,45,44,"3,961",44.0,85,1.93,261,177,69.0,4,12,28,5,11.4,5,4,0,1,0.0
Václav Hladký,CZE,GK,32,Ipswich Town,EFL,46,46,"4,139",46.0,57,1.24,165,114,66.7,28,12,6,14,30.4,3,2,0,1,0.0
William Yarbrough,USA,GK,33,Rapids,MLS,20,20,"1,800",20.0,25,1.25,90,65,73.3,3,9,8,7,35.0,2,1,0,1,0.0
Yahia Fofana,CIV,GK,22,Angers,Ligue 2,33,33,"2,970",33.0,35,1.06,146,114,76.0,18,8,7,14,42.4,0,0,0,0,0.0
Yannis Clementia,MTQ,GK,26,Caen,Ligue 2,4,4,360,4.0,3,0.75,8,5,75.0,2,1,1,2,50.0,1,1,0,0,0.0
Yohei Takaoka,JPN,GK,26,Vancouver W'caps,MLS,33,33,"2,970",33.0,45,1.36,140,94,67.9,12,12,9,8,24.2,1,0,1,0,100.0
Zac MacMath,USA,GK,31,RSL,MLS,28,28,"2,475",27.5,36,1.31,118,82,71.2,12,7,9,9,32.1,3,2,1,0,33.3
Zacharie Boucher,FRA,GK,31,Bastia,Ligue 2,2,2,180,2.0,3,1.5,7,5,57.1,0,1,1,1,50.0,0,0,0,0,0.0
Alvaro Aceves,ESP,GK,20,Eldense,Segunda Division,14,14,"1,260",14.0,18,1.29,45,28,68.9,4,7,3,5,35.7,4,4,0,0,0.0
Alvaro Fernández,ESP,GK,26,Huesca,Segunda Division,42,41,"3,693",41.0,33,0.8,128,96,77.3,11,15,15,20,48.8,5,4,1,0,20.0
Edgar Badía,ESP,GK,32,Elche,Segunda Division,7,7,630,7.0,9,1.29,33,24,75.8,2,2,3,2,28.6,1,1,0,0,0.0
Edgar Badía,ESP,GK,32,Zaragoza,Segunda Division,18,18,"1,620",18.0,15,0.83,52,38,71.2,5,7,6,6,33.3,0,0,0,0,0.0
Oscar Ustari,ARG,GK,37,Pachuca,Liga MX,3,3,270,3.0,6,2.0,13,7,53.8,0,2,1,0,0.0,0,0,0,0,0.0
Dorđe Petrović,SRB,GK,23,NE Revolution,MLS,22,22,"1,980",22.0,27,1.23,124,97,80.6,11,7,4,7,31.8,4,3,1,0,25.0
